Steps,Policy/Entropy,Environment/Lesson,Policy/Extrinsic Value Estimate,Policy/Curiosity Value Estimate,Losses/Value Loss,Losses/Policy Loss,Policy/Learning Rate,Losses/Curiosity Forward Loss,Losses/Curiosity Inverse Loss,Environment/Cumulative Reward,Environment/Episode Length,Policy/Extrinsic Reward,Policy/Curiosity Reward
10000,2.111282,0.0,0.21514352,0.053198192,0.13156188,0.10045119,0.00029956814,1.4390541,1.1697776,-0.9313508079534298,244.0,-0.9184792470186949,3.5206905845552683
20000,1.7346188,0.0,-0.08800238,0.543406,0.17837739,0.10606529,0.0002989001,0.6317355,1.0228072,-0.9711925235266486,246.35555555555555,-0.9729931422819694,2.216803358246883
30000,1.3250993,0.0,-0.20572059,0.8037547,0.010160734,0.112451255,0.000298135,0.5399215,0.83473873,-0.9316086280767036,241.82608695652175,-0.9250953254245576,1.7672621054308755
40000,1.2795639,0.0,-0.2757666,0.74817294,0.007740085,0.10216072,0.00029733405,0.4634098,0.6599955,-0.645561842799985,216.74285714285713,-0.6736141082487608,1.200434573386845
50000,1.1881241,0.0,-0.27123147,0.6493435,0.006896561,0.10451586,0.00029656236,0.45943302,0.590718,-0.836061661640458,234.90740740740742,-0.8389940229329196,1.1587570732290096
60000,1.0541848,0.0,-0.27332497,0.5737949,0.0055876505,0.09558538,0.00029586622,0.3558526,0.37398338,-0.6834593934598505,223.05405405405406,-0.6450909773508707,0.9571573047926931
70000,1.0028089,0.0,-0.23542558,0.51900285,0.011385113,0.09812379,0.00029510958,0.33220214,0.3391893,-0.6417975545794304,221.10714285714286,-0.6285309361086951,0.7993691087596946
80000,0.9182978,0.0,-0.23038009,0.52803767,0.005413633,0.10261784,0.0002943894,0.3424948,0.2829072,-0.8081666001671692,231.5,-0.838456215042817,0.8655444646352216
90000,0.7799069,0.0,-0.27579683,0.48991072,0.0035606653,0.1003537,0.00029361193,0.29943454,0.25063342,-0.8684254652087359,236.5531914893617,-0.8656232648569605,0.8273470602605654
100000,0.85874844,0.0,-0.27898765,0.42307413,0.004084306,0.18166707,0.00029285174,0.2787889,0.24940178,-0.8476665998168755,235.1,-0.8513171505637285,0.7431547559979486
110000,0.9208097,0.0,-0.30177537,0.4191206,0.0049750144,0.10788177,0.0002921426,0.31238383,0.33047137,-0.7696499340876471,228.125,-0.8080599025273935,0.7775008890491265
120000,0.91215146,0.0,-0.28082332,0.39278334,0.007125536,0.09575142,0.00029142588,0.31536043,0.2848903,-0.7556110467994586,228.8125,-0.7196597966055075,0.7085631983354688
130000,0.9381268,0.0,-0.28944063,0.36439297,0.004066797,0.103228666,0.0002906414,0.26779294,0.23264769,-0.7954126304747271,232.85714285714286,-0.795412771758579,0.6494052782654762
140000,0.8391011,0.0,-0.28709313,0.32800087,0.008782831,0.10124187,0.000289872,0.27315575,0.21775624,-0.6521036442162262,216.86666666666667,-0.6520445121659173,0.6476162003146277
150000,0.6196828,0.0,-0.30764273,0.29232958,0.0031376947,0.095087446,0.0002891561,0.20505622,0.15521476,-0.799471479971189,228.6829268292683,-0.8427317811221611,0.5651754069073898
160000,0.74184996,0.0,-0.28740376,0.21674159,0.0044959798,0.096501626,0.00028835284,0.2025795,0.12712917,-0.8431036376290851,236.8,-0.8079565996709077,0.4362603430433766
170000,0.9049932,0.0,-0.27012163,0.23079516,0.004258632,0.0970828,0.0002876235,0.2342864,0.1618885,-0.7301348568594438,222.52380952380952,-0.7017281369159096,0.5055781826376915
180000,0.8185784,0.0,-0.28928894,0.26993725,0.0048994413,0.09921342,0.00028688175,0.27027154,0.18754335,-0.7851628959799807,233.4,-0.8027007543310827,0.6535699257665143
190000,0.7727795,0.0,-0.3165169,0.2537193,0.004377247,0.10126972,0.00028614444,0.24392512,0.14471951,-0.8203952842781883,232.4418604651163,-0.816119120944114,0.5916004319276128
200000,0.912381,0.0,-0.3433449,0.26907897,0.0063773743,0.10180477,0.0002854099,0.26117298,0.17771916,-0.6949742954427328,223.3846153846154,-0.6950428019731473,0.5888160966718808
210000,0.9708698,0.0,-0.32749113,0.30197862,0.007371351,0.09658132,0.00028465345,0.28387117,0.17940028,-0.6526598008111956,217.57142857142858,-0.6595534008741378,0.6087786255031824
220000,0.9431784,0.0,-0.28711355,0.28546086,0.007936924,0.09780632,0.0002839196,0.24546978,0.14532205,-0.5953468809436474,208.51020408163265,-0.5869167273243269,0.5480998574445645
230000,0.6925014,0.0,-0.26602188,0.26064575,0.00454899,0.09904394,0.0002831297,0.2308747,0.12806946,-0.850603107989411,234.8095238095238,-0.8506032448439371,0.5677767468705064
240000,0.64104116,0.0,-0.27069393,0.23780702,0.0061025526,0.10371176,0.000282337,0.17454696,0.09514299,-0.6602519715897648,218.29268292682926,-0.6683413414728074,0.4221101041351046
250000,0.7085191,0.0,-0.22038527,0.23564138,0.0091833435,0.10241574,0.0002816277,0.20533505,0.10045712,-0.5323909668726489,203.65384615384616,-0.5323910759045527,0.409608078833956
260000,0.7241606,0.0,-0.2013417,0.21794418,0.0059511224,0.1009981,0.00028092024,0.19917676,0.08638606,-0.8186893288511783,231.4090909090909,-0.8186894702640447,0.4815097215839408
270000,0.97402596,0.0,-0.27155206,0.22313106,0.003302231,0.09564156,0.00028013,0.23274255,0.15430579,-0.7699069136450457,225.74418604651163,-0.764460380588259,0.48565633852212203
280000,0.5001595,0.0,-0.26778585,0.22257444,0.00313887,0.09772348,0.0002793486,0.17886785,0.10152489,-0.8484126337016711,234.26190476190476,-0.8519070453422014,0.510932702614471
290000,0.5796702,0.0,-0.27756396,0.179863,0.0037040426,0.09640446,0.00027857148,0.13314915,0.06757557,-0.8140386952422992,230.86046511627907,-0.8140388290549434,0.29672573849039025
300000,0.7874321,0.0,-0.2897934,0.1941058,0.0039110202,0.08699061,0.00027787295,0.21330474,0.11656633,-0.8042438352230664,235.8780487804878,-0.8042439738424813,0.4371075180881634
310000,0.558147,0.0,-0.27593353,0.19475919,0.0047898768,0.10342115,0.00027716425,0.19487636,0.09890621,-0.8194751114624136,235.10638297872342,-0.8194752519435071,0.4763095763293987
320000,0.3039821,0.0,-0.25483972,0.18669693,0.0040564165,0.10107312,0.00027637414,0.14774603,0.07125159,-0.7104358339729981,220.76923076923077,-0.7028158534514276,0.3563254582450578
330000,0.24736719,0.0,-0.23067078,0.1418603,0.0057136887,0.10249561,0.0002755885,0.06488434,0.020738203,-0.5856037141078696,206.1320754716981,-0.5856541451418175,0.17656871448007394
340000,0.22058566,0.0,-0.24832025,0.12354946,0.0092831915,0.10017535,0.00027488623,0.073866494,0.027881768,-0.502462527885729,195.51020408163265,-0.5024082149778094,0.15038585633856758
350000,0.2099053,0.0,-0.22403507,0.08865419,0.004117736,0.105813146,0.00027417002,0.08093713,0.032122422,-0.575325867968301,203.44444444444446,-0.5845580327769985,0.14737013261765242
360000,0.20609762,0.0,-0.17417938,0.07483279,0.004709394,0.104508996,0.00027337746,0.05636127,0.021835368,-0.6011878207960928,203.3090909090909,-0.5938025243856289,0.12701831589004509
370000,0.25379872,0.0,-0.29406726,0.06183981,0.0019092439,0.10609432,0.00027259212,0.08120107,0.034976713,-0.9147221559800932,240.91666666666666,-0.9170270981015386,0.1576963703122896
380000,0.26763302,0.0,-0.2978091,0.08058813,0.0047712717,0.106649406,0.0002718802,0.08464443,0.027223669,-0.706163337650508,219.07843137254903,-0.7003400701284409,0.19950082270428537
390000,0.27573004,0.0,-0.31228873,0.10656563,0.0042660455,0.10099014,0.00027117025,0.106698096,0.04872638,-0.6697142259384107,213.52380952380952,-0.6697143465280533,0.2313109967591507
400000,0.39137042,0.0,-0.2924814,0.123343304,0.004218071,0.105586186,0.0002703781,0.113919914,0.038142666,-0.765874007737471,228.73333333333332,-0.7709058665710947,0.26404416172400763
410000,0.54293704,0.0,-0.22478665,0.17432566,0.010263426,0.10154559,0.0002695884,0.1623275,0.06515823,-0.37006542401338394,184.83928571428572,-0.3586121748794209,0.2743136026473208
420000,0.3886125,0.0,-0.26027787,0.14642772,0.006876649,0.10117496,0.00026887815,0.14674687,0.059293374,-0.4890529759048315,194.61363636363637,-0.5004074580139584,0.25832449280553393
430000,0.50014716,0.0,-0.33101717,0.11651659,0.005002982,0.09939349,0.00026815408,0.091897085,0.05013297,-0.7926325864510193,232.22448979591837,-0.7883681238939365,0.25135057739680633
440000,0.5214132,0.0,-0.32971233,0.117952384,0.0024638432,0.09688048,0.0002673653,0.11657119,0.06312492,-0.7967435256458628,229.56410256410257,-0.7967094694956754,0.2525158018972247
450000,0.6710105,0.0,-0.24947327,0.12338344,0.007790959,0.09455141,0.00026658684,0.15015042,0.07224661,-0.44339500583656544,192.72222222222223,-0.4433951206781246,0.25972637675564597
460000,0.87269676,0.0,-0.26757392,0.13244657,0.006921476,0.09819298,0.00026588276,0.14350587,0.07132073,-0.6147517100164785,215.85106382978722,-0.6227500606328249,0.31014145762795425
470000,0.71256894,0.0,-0.35305718,0.13420527,0.0027353864,0.10359182,0.00026517335,0.15860182,0.09848366,-0.8954877367686117,240.4878048780488,-0.8954878776538663,0.36708417907357216
480000,0.6890292,0.0,-0.35017976,0.136196,0.0028378714,0.097984865,0.00026438976,0.13871203,0.075863585,-0.8669999336495742,237.75,-0.8607302293890998,0.29425213610132533
490000,0.7540066,0.0,-0.29646876,0.14343679,0.004862998,0.10131051,0.0002635916,0.14852628,0.09531939,-0.6129023806850721,206.53658536585365,-0.62205561427843,0.30946332673054366
500000,0.88182425,0.0,-0.16401231,0.1571615,0.0057911407,0.10041986,0.00026288666,0.15360492,0.07972484,-0.4401519914043316,187.4561403508772,-0.4498046461878152,0.2807107865208246
510000,0.81981283,0.0,-0.12079327,0.1704288,0.0040020784,0.098313764,0.00026218902,0.15574196,0.08740785,-0.36353934253565967,180.3090909090909,-0.35175313386652207,0.25053257774561644
520000,0.8075998,0.0,-0.15388909,0.14942347,0.0048100757,0.10234697,0.00026139745,0.15510193,0.104705095,-0.3661575224208222,180.96363636363637,-0.3774762361177376,0.2773353462939018
530000,0.8795592,0.0,-0.17597789,0.13596697,0.0044665453,0.09422037,0.0002606106,0.14465731,0.07798873,-0.5651346950127961,203.5531914893617,-0.584963830916778,0.2871195899484598
540000,0.96920955,0.0,-0.12682839,0.14272565,0.0048069386,0.10651159,0.00025982485,0.14318076,0.11355464,-0.3321242416908933,174.83050847457628,-0.341028294825958,0.2680419977691214
550000,0.990389,0.0,-0.15409552,0.17345716,0.0066641476,0.10048012,0.00025911478,0.15018481,0.11068699,-0.34727038854715536,179.69811320754718,-0.31194344725248946,0.25415123647676324
560000,0.89601713,0.0,-0.048077054,0.18572223,0.0052784225,0.096047506,0.00025841297,0.15120995,0.10816449,-0.1712063018727811,160.4920634920635,-0.1841562925837934,0.2376648776116781
570000,0.8581237,0.0,-0.21689264,0.18003978,0.005787492,0.09635316,0.00025763563,0.14426109,0.08847295,-0.5640850482964294,203.25531914893617,-0.5546087583769923,0.28435048950917047
580000,0.7678827,0.0,-0.10358287,0.1744758,0.0032770187,0.096542895,0.0002568498,0.135094,0.08353538,-0.26788704770226635,166.3548387096774,-0.2795079795141069,0.21568914882779594
590000,0.73856026,0.0,0.053165514,0.14838119,0.0026771273,0.099485025,0.00025613816,0.13815534,0.08346744,-0.017716178318133224,134.90540540540542,-0.004260307305479703,0.17506461469328974
600000,0.7871984,0.0,-0.064967915,0.12720771,0.003563504,0.09956094,0.00025544123,0.14588855,0.09914808,-0.1673728371417876,154.91525423728814,-0.19906218627751884,0.22443145841865217
610000,0.8447344,0.0,-0.19767156,0.15721148,0.0054656593,0.09971374,0.00025466923,0.14718854,0.086462684,-0.43213327845248084,189.81666666666666,-0.40101671516895293,0.260657477673764
620000,0.8359306,0.0,-0.2151795,0.14913757,0.0044649267,0.09678073,0.00025389035,0.13727212,0.09617495,-0.4532325024077625,187.37209302325581,-0.4531705975532532,0.25547688194485596
630000,0.8349728,0.0,-0.08075258,0.12411268,0.0022898044,0.09439888,0.0002530991,0.13397354,0.097288124,-0.308763233134928,170.0,-0.30880197493926337,0.2260055698359898
640000,0.71868664,0.0,-0.06575058,0.1225379,0.0036554611,0.09806013,0.00025237512,0.14155826,0.08666675,-0.12112564022927622,151.81967213114754,-0.12110386471279332,0.21025035629568042
650000,0.8462433,0.0,-0.19275339,0.13911518,0.0031110174,0.09791468,0.00025165957,0.20350344,0.114246786,-0.3681041160452878,179.125,-0.38097283852343655,0.29174914640583555
660000,0.81746083,0.0,-0.11786122,0.15450792,0.007564737,0.10176985,0.00025087266,0.16079617,0.103163764,-0.3554204619740351,183.52307692307693,-0.3658958845771849,0.2941959303134354
670000,0.77081215,0.0,0.012792685,0.1456185,0.0067318953,0.10632938,0.0002500745,0.14498246,0.08169273,-0.01374355133694525,140.58461538461538,-0.022482087978949912,0.21319508197215886
680000,0.7670609,0.0,0.085345805,0.16697145,0.004269655,0.10875765,0.00024936855,0.14231724,0.074623905,0.0032694449692913523,134.9041095890411,0.015157625481889054,0.18993920810218598
690000,0.79985094,0.0,0.059097793,0.1575364,0.0033767037,0.09778136,0.00024865987,0.14933017,0.09973103,0.0005974396277073916,134.92207792207793,0.013745580848894622,0.18479157263707174
700000,0.7842768,0.0,0.012125185,0.15898843,0.005300116,0.096748665,0.00024787593,0.13572389,0.084099755,0.0604596314528449,131.4090909090909,0.060459563677961174,0.17703723104557756
710000,0.76140404,0.0,0.09029538,0.14573444,0.0037579872,0.09435694,0.00024706844,0.12501927,0.08848528,-0.0037530485948800672,135.54320987654322,0.008683297410607338,0.1701839625951834
720000,0.68165106,0.0,0.009025448,0.11567424,0.0023085303,0.09491286,0.00024635898,0.11956389,0.07422571,-0.027864695614392775,136.1304347826087,-0.04173336795398167,0.15252599293099983
730000,0.7549057,0.0,-0.1027057,0.099003576,0.0053017614,0.10376072,0.0002456478,0.10031581,0.072545394,-0.2118547937397154,160.46774193548387,-0.23798929347145942,0.16990973174031224
740000,0.77345604,0.0,-0.12058188,0.07854987,0.008807443,0.10099606,0.0002448637,0.10826008,0.07743915,-0.1532130679993539,159.88524590163934,-0.14071509290126064,0.1710957702579758
750000,0.8659781,0.0,-0.018004702,0.09304949,0.0062666996,0.1071008,0.00024409468,0.11336273,0.077319026,-0.12971712788214174,152.34848484848484,-0.14535901317229638,0.15459316517584598
760000,0.8867773,0.0,0.0030662555,0.1247329,0.0031155925,0.09741717,0.00024331766,0.14366189,0.09311889,-0.18623492837364433,155.86885245901638,-0.15534430107132333,0.2026765645924406
770000,0.89780504,0.0,-0.007887375,0.13426885,0.006414394,0.101246595,0.00024262219,0.13544317,0.10436195,-0.062087922563983336,142.77777777777777,-0.0882407778667079,0.18760287795319325
780000,0.9524406,0.0,0.05389112,0.13931727,0.00475265,0.09988952,0.00024189916,0.12667273,0.09271101,0.06848104968608086,127.18987341772151,0.07869580760598183,0.15965772577328607
790000,0.93052536,0.0,0.08355799,0.12621869,0.004923524,0.09450805,0.00024110219,0.14449152,0.1017701,0.1067725877441904,122.08235294117647,0.08808431783354426,0.16697558213070215
800000,0.92835826,0.0,0.18189399,0.108252905,0.0055176094,0.10225351,0.00024038393,0.13870706,0.09121969,0.16708020239632246,115.31645569620254,0.17612914368510246,0.15370486929314212
810000,0.9234193,0.0,0.08520302,0.13365252,0.005395311,0.09545459,0.00023965468,0.13526757,0.092089556,0.02806754642213353,130.9620253164557,0.051751025869876524,0.1638268480383897
820000,0.88867086,0.0,0.10566153,0.13490398,0.0032111437,0.10404308,0.00023887245,0.118978955,0.08662598,0.14687345062288207,117.16455696202532,0.1325708094984293,0.14583399215480314
830000,0.8134606,0.0,0.14533243,0.13865626,0.0054776156,0.10629749,0.00023807949,0.117587134,0.07483061,0.1753442333150736,115.30434782608695,0.17534417982982553,0.1395018760357862
840000,0.78685236,0.0,0.2282641,0.1600806,0.0030677198,0.10043953,0.00023736345,0.1325751,0.089148134,0.3291405496420339,95.55882352941177,0.33128281524687103,0.1436310307160396
850000,0.75779307,0.0,0.26087198,0.17139532,0.006975913,0.100888774,0.00023664166,0.11770501,0.087896354,0.3134352137114749,98.78703703703704,0.3119489349223472,0.12055553351570894
860000,0.7757221,0.0,0.25538227,0.16344474,0.005586544,0.10200298,0.00023585775,0.119188465,0.082892634,0.334424939267542,96.54945054945055,0.3344248975371266,0.11211251704902439
870000,0.85999066,0.0,0.12772368,0.13662173,0.0039574085,0.10057242,0.00023507245,0.14012918,0.10115669,0.0649177342923473,127.61728395061728,0.06525831110775471,0.16751296439906582
880000,0.84372693,0.0,0.16578718,0.11718499,0.010751611,0.09974771,0.00023437348,0.12864074,0.07685959,0.2493451319004902,110.02352941176471,0.2468837007533672,0.13946805612812208
890000,0.7875238,0.0,0.26679802,0.12690441,0.00547962,0.10386044,0.00023367096,0.118003465,0.08290692,0.27864080667721774,104.02912621359224,0.27864076298417395,0.12228455974096522
900000,0.8182856,0.0,0.2879268,0.12993716,0.004226661,0.10075543,0.00023289055,0.11045806,0.05650134,0.35847061515931844,95.6078431372549,0.371894377292973,0.10258955895868453
910000,0.86257994,0.0,0.23134871,0.12646279,0.0050959666,0.09711808,0.0002321036,0.12522516,0.07201827,0.28905800192707987,100.52173913043478,0.2685760722860046,0.12408316967649506
920000,0.9220893,0.0,0.19841766,0.11825274,0.0046362346,0.09709959,0.00023132315,0.11403386,0.073191896,0.2327551375623146,108.9795918367347,0.2328095122867701,0.12762256103035594
930000,0.92918026,0.0,0.16562556,0.113844335,0.009475527,0.10614606,0.00023061922,0.108336635,0.07548362,0.19838639976329764,113.95454545454545,0.21975377642295577,0.1171105675378137
940000,0.94801706,0.0,0.18659034,0.10594691,0.0034275553,0.09583357,0.00022990796,0.12150873,0.07340909,0.29651987161542775,100.30952380952381,0.29650395789316725,0.10929811881699909
950000,0.85815203,0.0,0.18243025,0.1293911,0.00832515,0.10153725,0.00022912638,0.13527724,0.08254324,0.19982133992976442,113.81443298969072,0.18038142495548604,0.14823443479067885
960000,0.8421447,0.0,0.25961548,0.1277028,0.002321486,0.09472483,0.0002283442,0.12820129,0.0763679,0.236631237433609,104.61702127659575,0.24349121702344795,0.1291227144532298
970000,0.83022016,0.0,0.30287144,0.14818609,0.0054022367,0.10372621,0.00022762695,0.12539816,0.07801848,0.3663459349410468,91.41509433962264,0.36634590125308847,0.12456971363445639
980000,0.74281263,0.0,0.33282748,0.13993612,0.0031509008,0.105651475,0.00022691648,0.10450635,0.068464376,0.3879355939649077,89.03361344537815,0.38793556454802763,0.09839825148639433
990000,0.74729633,0.0,0.31645638,0.12935263,0.0034587134,0.10266092,0.0002261368,0.10462276,0.06542256,0.47174244427587836,78.80909090909091,0.4717424192211845,0.08378072378479622
1000000,0.7392397,0.0,0.3294767,0.108175345,0.0034498095,0.097643,0.00022534763,0.10705602,0.05599301,0.35022421451944824,92.77876106194691,0.350224174493182,0.09610457567547538
1010000,0.7966387,0.0,0.31124452,0.1228908,0.0029922388,0.105776645,0.0002246436,0.11037825,0.059064634,0.34730061910938403,92.91964285714286,0.35941439759623894,0.10418174850444
1020000,0.7852309,0.0,0.29208553,0.1340985,0.0033280056,0.10022348,0.00022393542,0.12453173,0.07425071,0.4377242625690997,82.75454545454545,0.42056968455964866,0.09762916731309484
1030000,0.8742816,0.0,0.20498203,0.18271467,0.0039093285,0.10074909,0.00022315385,0.12932506,0.08114186,0.290393010259753,99.94736842105263,0.2966353998829921,0.1296738266585938
1040000,0.9030476,0.0,0.022879113,0.1617857,0.008608956,0.11094143,0.00022236397,0.12405865,0.08156482,0.06401269462348634,131.49367088607596,0.053427315675295316,0.16536744020115107
1050000,0.86480373,0.0,0.19729692,0.12891532,0.0077627674,0.10027168,0.00022157915,0.109808065,0.08047594,0.27934447375333143,104.05555555555556,0.280011095934444,0.11451022218809359
1060000,0.83751786,0.0,0.25914288,0.113464676,0.009710728,0.10670278,0.00022086501,0.12680078,0.07693952,0.36398167713169316,96.01834862385321,0.3682151355526664,0.10895730327306823
1070000,0.89508444,0.0,0.33404785,0.15087655,0.0063344585,0.10640999,0.00022015825,0.110308036,0.088689856,0.41991815580618813,86.8859649122807,0.4199181219987702,0.09721486411351514
1080000,0.915026,0.0,0.28865665,0.14237705,0.005598829,0.099880576,0.00021937935,0.109387025,0.078561544,0.4179629912509376,88.82407407407408,0.4179629581394019,0.09709634304615772
1090000,0.97321844,0.0,0.15397303,0.12280772,0.007502654,0.1024878,0.00021858126,0.109618984,0.080943085,0.2594839006021459,106.01075268817205,0.25259055812721665,0.11296715157147011
1100000,0.9875637,0.0,0.25904793,0.12760955,0.005403217,0.10220026,0.00021786682,0.12469194,0.08383388,0.2693369122806619,104.37234042553192,0.28945388851013587,0.11651062070728933
1110000,1.0130334,0.0,0.20978239,0.15997763,0.0040419404,0.10019493,0.00021716251,0.1280576,0.08445935,0.23733698524301872,105.32608695652173,0.2240609129269918,0.12915521207696168
1120000,0.9595681,0.0,0.225671,0.11675256,0.005216615,0.102161214,0.00021637659,0.11834862,0.08778079,0.28852335796924305,99.33,0.2885233163833618,0.11761788554023951
1130000,0.98067653,0.0,0.26051793,0.12021041,0.0019912918,0.097845264,0.00021560169,0.10873473,0.08832819,0.32004446669792136,95.2,0.3327115261210845,0.10391755464773339
1140000,0.98254305,0.0,0.3162356,0.18895628,0.0027175464,0.1006348,0.00021481812,0.1079198,0.10592775,0.3644637881980642,90.5391304347826,0.35272412336078185,0.09839878843069591
1150000,0.8808167,0.0,0.3082034,0.24583183,0.005238677,0.103961036,0.00021412573,0.102807984,0.07978594,0.4566785893465359,81.33928571428571,0.4527777661611368,0.08683166836245775
1160000,0.84404695,0.0,0.34699324,0.23087402,0.0057651084,0.1040131,0.00021342158,0.104918204,0.083065495,0.4516253639474388,84.47933884297521,0.45508539257955943,0.08747972085233008
1170000,0.85755527,0.0,0.3336754,0.18413922,0.0050354563,0.10572325,0.00021262381,0.108022556,0.07212957,0.4035221448197005,88.38053097345133,0.404114025726653,0.09401201748027745
1180000,0.8364368,0.0,0.31024593,0.15008865,0.0031316697,0.102941,0.00021184927,0.10882038,0.0624336,0.3668187933259653,89.30097087378641,0.38021894208356444,0.09178448816323105
1190000,0.8545637,0.0,0.3140242,0.117487565,0.0041957884,0.104817435,0.00021108033,0.102510214,0.061632417,0.3324216748985788,95.32478632478633,0.33242163214928067,0.09866533323358266
1200000,0.850813,0.0,0.33173624,0.10841851,0.007067322,0.11076479,0.00021038357,0.104568854,0.056472465,0.48866378615164885,79.04347826086956,0.48512279333775504,0.07737124348957941
1210000,0.8986496,0.0,0.38144428,0.098645724,0.00460823,0.10773321,0.00020967785,0.103524245,0.071238555,0.46788253299281246,80.77049180327869,0.45592681615333247,0.07973557888393903
1220000,0.9048696,0.0,0.3453847,0.12659489,0.0044447584,0.10418298,0.00020889782,0.10098902,0.0674793,0.42606544436312443,86.35514018691589,0.44377569199722505,0.08647443674870323
1230000,0.9204831,0.0,0.3181823,0.11857758,0.001820608,0.09876756,0.00020811462,0.1137241,0.07639818,0.3630000221775845,91.51666666666667,0.34725275908907255,0.09591323896117197
1240000,0.97901785,0.0,0.30032998,0.11999793,0.005916314,0.10210059,0.00020733278,0.11426642,0.07632636,0.4197363860587674,87.16363636363636,0.4197363463315097,0.09601516250563277
1250000,0.9651187,0.0,0.33477622,0.12242556,0.0039358754,0.10128467,0.00020661438,0.10936531,0.07695286,0.4147251687102477,88.30701754385964,0.43130115850975637,0.08908718000186541
1260000,0.89936876,0.0,0.35536516,0.122762114,0.0044945134,0.10464058,0.00020590548,0.10640402,0.071724765,0.4679823201747232,81.14159292035399,0.45459880686439247,0.08389920311922257
1270000,0.9145374,0.0,0.38223353,0.12386635,0.003710749,0.105223276,0.00020512729,0.1014479,0.072255686,0.4102655567635261,87.10169491525424,0.4230819051548586,0.08801024854262122
1280000,0.9019381,0.0,0.36932445,0.123033695,0.004377896,0.101717435,0.00020434664,0.105592296,0.06993298,0.4382719490186949,84.60526315789474,0.43824852506319684,0.08431517118343006
1290000,0.9173961,0.0,0.3483127,0.1499131,0.0041075996,0.10546,0.00020363223,0.102326185,0.06599319,0.4377661011520806,82.5701754385965,0.42528694220211194,0.08443487755873282
1300000,0.9583724,0.0,0.36807388,0.145788,0.004735444,0.105489686,0.00020292801,0.10327779,0.07055603,0.432494369005958,83.67796610169492,0.4285868803660075,0.08487463848362876
1310000,0.95306844,0.0,0.34001634,0.1285158,0.0037943777,0.10311947,0.0002021493,0.09646579,0.061844952,0.3627368625857982,92.53508771929825,0.3673188250997792,0.08479659891403887
1320000,0.8997959,0.0,0.3907509,0.11688008,0.0041007753,0.10480185,0.0002013658,0.0956775,0.064602,0.4469482958746335,81.25,0.44694826392264203,0.0767562704779015
1330000,0.8765297,0.0,0.40211535,0.092512265,0.003602308,0.1039721,0.0002005701,0.09747142,0.062407345,0.4089731406439246,86.20967741935483,0.4089731038097412,0.08068521104137143
1340000,0.93755186,0.0,0.31415746,0.08329307,0.004160404,0.10302469,0.0001998693,0.09537695,0.059118897,0.42252085669107536,87.48214285714286,0.4182762600280143,0.08510043896180955
1350000,0.86419135,0.0,0.3989802,0.097637735,0.005223018,0.10428627,0.00019916243,0.10740127,0.066127256,0.4778235507483336,79.10084033613445,0.47427682351257844,0.07615594835794073
1360000,0.9092106,0.0,0.39152256,0.12684427,0.004534009,0.101196684,0.00019837546,0.093759134,0.07464265,0.4378916862808789,83.26666666666667,0.4573085248962907,0.0709943333005702
1370000,0.938279,0.0,0.3528092,0.12785676,0.0047443165,0.10255512,0.00019758986,0.0859661,0.065728925,0.47116241394144154,82.06837606837607,0.45871750429525215,0.07395536370054519
1380000,0.9203737,0.0,0.3798611,0.1326383,0.005421521,0.10072577,0.00019681896,0.0908954,0.0695682,0.4468524813304701,83.9672131147541,0.44582643218276913,0.07330345053779931
1390000,0.9427246,0.0,0.35172042,0.12665316,0.0050840974,0.10698089,0.00019611466,0.097706914,0.06949526,0.4451763058605138,87.09615384615384,0.4602820363182288,0.07914877678446758
1400000,0.9508716,0.0,0.26257944,0.14656593,0.0041972185,0.099943265,0.00019540623,0.09966763,0.07092759,0.27906798656794773,103.90291262135922,0.2607216644055635,0.10407693939988763
1410000,0.916275,0.0,0.34519118,0.16970468,0.0023600317,0.10013811,0.00019463139,0.09615397,0.06975925,0.48641271521780816,77.47619047619048,0.4898666569164821,0.06906099780684426
1420000,0.9269886,0.0,0.37260747,0.17687258,0.0020483977,0.11113107,0.00019385529,0.092048734,0.06554185,0.3995107727598459,88.62903225806451,0.4005306544303894,0.08522613065131009
1430000,0.9316812,0.0,0.37026003,0.15775397,0.0048877443,0.10759528,0.00019308149,0.08911695,0.053409625,0.42863363003904725,86.00826446280992,0.4405388747652372,0.07291155173831308
1440000,0.9043704,0.0,0.32279104,0.1441416,0.0042202026,0.0980655,0.00019238508,0.09319964,0.053399798,0.4873333541391831,80.79629629629629,0.47368805835006433,0.07017862824125028
1450000,0.9180954,0.0,0.36898062,0.13882738,0.0049562086,0.10985756,0.00019167122,0.08987962,0.06274913,0.43782679344285425,86.31496062992126,0.44922750123909544,0.07747450554632537
1460000,0.96714884,0.0,0.3676716,0.13675782,0.0031502761,0.10240297,0.00019087738,0.090054154,0.05639583,0.40762282770511027,87.84210526315789,0.3957251318191227,0.07788831087875
1470000,0.93690735,0.0,0.34398803,0.13006596,0.006014352,0.10583452,0.00019010402,0.09434409,0.06597574,0.5051148620516281,78.65546218487395,0.5006106340584635,0.07003589850623443
1480000,0.9379377,0.0,0.36359516,0.13313906,0.004683984,0.104363956,0.00018932426,0.08786815,0.06302305,0.4640771545034887,81.3801652892562,0.46759835178734827,0.07115200437895465
1490000,0.94682467,0.0,0.3620351,0.13013425,0.005029415,0.1018001,0.00018862278,0.095833726,0.067885,0.4717226868290454,81.12,0.46137977232698535,0.07358572722534787
1500000,0.8734318,0.0,0.4158006,0.11378594,0.005632189,0.104867876,0.00018790612,0.081620574,0.06862451,0.47398601390202255,84.3109243697479,0.4842732138321048,0.0733996129129082
1510000,0.8301758,0.0,0.39405847,0.12330378,0.006605891,0.09976888,0.00018712088,0.08512525,0.059964895,0.49397313705788204,81.15322580645162,0.49397310878961315,0.06698600582463006
1520000,0.8014051,0.0,0.470834,0.13283807,0.005078436,0.10291114,0.00018633761,0.07524134,0.057435654,0.5503148315991793,73.76984126984127,0.5451962286906857,0.05495496065310773
1530000,0.79482865,0.0,0.45977232,0.12639855,0.006796135,0.10302949,0.0001856357,0.088204205,0.059480317,0.49372918663539167,78.78125,0.4994820466408363,0.0630048995748019
1540000,0.7744939,0.0,0.46660033,0.116519436,0.006536481,0.09794213,0.00018492836,0.075655445,0.04859533,0.5652474938577859,73.68181818181819,0.5771959237469971,0.05232276170841553
1550000,0.80002666,0.0,0.43758368,0.1096681,0.0077625075,0.10337827,0.00018415405,0.08118835,0.05683911,0.5321146035876154,76.984375,0.5202377202898957,0.05907951622241169
1560000,0.8398988,0.0,0.31477958,0.109081544,0.008162962,0.099436305,0.00018337695,0.0997197,0.069207415,0.43061776438924493,93.11926605504587,0.4306177201621029,0.08330314807217876
1570000,0.80807596,0.0,0.49673274,0.1241381,0.007349286,0.10544081,0.0001825972,0.08218299,0.056025993,0.5414031273992227,78.66666666666667,0.5388281114865094,0.0647349152204697
1580000,0.81827223,0.0,0.49467996,0.12084646,0.0065860017,0.10734775,0.0001818202,0.08442307,0.051900994,0.5526640510763086,81.02380952380952,0.5674920536222912,0.06366245864358332
1590000,0.79706323,0.0,0.48483834,0.1270431,0.007800347,0.10486299,0.00018111592,0.08163901,0.051787395,0.617695115701577,69.3875968992248,0.605271782554113,0.05352463760914711
1600000,0.7686446,0.0,0.49255884,0.12368289,0.006114495,0.101549104,0.00018041319,0.0766681,0.050199855,0.5533447756068398,74.65753424657534,0.564057457447052,0.05497153835563824
1610000,0.7739374,0.0,0.53533953,0.13141538,0.005538698,0.098386124,0.00017964302,0.07991398,0.052988984,0.639988910642763,64.01333333333334,0.629035545984904,0.04904310901649296
1620000,0.7952721,0.0,0.544765,0.14171287,0.005959156,0.10240724,0.00017886538,0.07186783,0.043842636,0.6526062888399566,62.34228187919463,0.6525422195593517,0.04316382917885979
1630000,0.7518456,0.0,0.5625347,0.12968381,0.00541427,0.09653632,0.00017809516,0.07643394,0.053278647,0.6419497113850601,61.78616352201258,0.6403734206776076,0.0464587697606015
1640000,0.74442345,0.0,0.56010056,0.11733569,0.0049943537,0.09891206,0.00017731506,0.08255718,0.063248575,0.6317414789391944,63.794871794871796,0.6368012869587312,0.04779344306175167
1650000,0.7859249,0.0,0.57198334,0.11994657,0.0073862355,0.096624665,0.0001766188,0.069344,0.049698103,0.6446489416966601,64.11834319526628,0.6434576010562965,0.045978603294923814
1660000,0.773437,0.0,0.56748056,0.10690777,0.006181551,0.10138184,0.00017591452,0.06743534,0.04444091,0.7130256678926974,57.916666666666664,0.7094017196542177,0.036947816501383506
1670000,0.7405644,0.0,0.60204464,0.10038741,0.006245769,0.10092175,0.0001751406,0.07886797,0.050979696,0.6780462136747405,56.873493975903614,0.6791856413829827,0.044862053220433566
1680000,0.74929637,0.0,0.530904,0.09623183,0.0067661353,0.099731386,0.00017436851,0.06912269,0.03928523,0.6424365884218846,65.72258064516129,0.6408052039997918,0.046059033113785765
1690000,0.65293235,0.0,0.5837074,0.077597745,0.006175142,0.101286195,0.00017357792,0.06658177,0.039172713,0.6917716642334872,58.149171270718234,0.6932228438103396,0.03635876368504862
1700000,0.6279748,0.0,0.64162093,0.076911554,0.0058222744,0.094276905,0.00017288573,0.058768027,0.03666822,0.7118276769099545,55.42613636363637,0.7210795555941083,0.033004337420359
1710000,0.60664827,0.0,0.6208071,0.09899889,0.005276452,0.10498134,0.00017218896,0.061615657,0.032773472,0.7315915441032865,53.115606936416185,0.7315915349246449,0.030486878575595646
1720000,0.59874606,0.0,0.6455431,0.106814265,0.004140444,0.097932085,0.00017141194,0.060847808,0.035281897,0.7256459620397615,52.129533678756474,0.7167646170584197,0.0301547502935624
1730000,0.5954345,0.0,0.6518908,0.09611927,0.003908759,0.09859367,0.00017063822,0.05849252,0.038292915,0.7211355544104763,55.010989010989015,0.7306372096854679,0.030807114365762767
1740000,0.5726583,0.0,0.6656176,0.0867617,0.004600699,0.10855452,0.00016986547,0.051689655,0.031225394,0.7595692523850653,50.17948717948718,0.7506171049215855,0.02578242530998511
1750000,0.5343556,0.0,0.6730223,0.084144816,0.0029598526,0.09800404,0.00016909112,0.053251673,0.029655531,0.7217085721904988,52.86910994764398,0.7217295035641855,0.028000347560066828
1760000,0.5516824,0.0,0.6764597,0.08658698,0.005488393,0.104349494,0.00016831447,0.05660075,0.03610254,0.749361972769045,50.33838383838384,0.7581582602226373,0.02622321593302368
1770000,0.49800515,0.0,0.6809005,0.09280242,0.0033996983,0.08930621,0.00016760724,0.04503941,0.025683165,0.7615716948217369,49.55958549222798,0.7517737579469236,0.022975408304434442
1780000,0.5057585,0.0,0.67922217,0.08679362,0.004394344,0.102264784,0.00016690456,0.050557815,0.022125226,0.762834218505606,47.92746113989637,0.772001752940317,0.02148982900204525
1790000,0.46519703,0.0,0.6762724,0.10073004,0.002927258,0.095701024,0.0001661271,0.0595845,0.034997784,0.7332392979291092,52.04455445544554,0.7340361404007879,0.028707473651216977
1800000,0.483523,0.0,0.6912943,0.0915521,0.003772679,0.10350038,0.00016533138,0.054036498,0.027447347,0.78514425177351,45.51442307692308,0.7760400810780433,0.02552044659611196
1810000,0.50371605,0.0,0.65377593,0.09094629,0.0038038832,0.097207166,0.00016462995,0.048976917,0.030692566,0.7706150203861761,47.63,0.7713483533263207,0.023354290153365584
1820000,0.47673383,0.0,0.65375245,0.09678807,0.0039744796,0.09737209,0.0001639234,0.05596109,0.033235367,0.7513462367078406,50.34299516908212,0.7513655591126226,0.026930369631328804
1830000,0.47409314,0.0,0.68948245,0.09111769,0.0022220071,0.10166396,0.00016314953,0.048918594,0.024825498,0.7949229762307368,44.37735849056604,0.7942185736489746,0.020506874837183376
1840000,0.50566715,1.0,0.70067644,0.090955965,0.002956846,0.103831075,0.00016238056,0.04896609,0.02618903,0.68503046027474,43.49771689497717,0.6842201972773315,0.02152567862750911
1850000,0.65201384,1.0,0.18236965,-0.0547441,0.27868545,0.1057407,0.00016161015,0.07811972,0.04503752,-0.10890175913267089,37.2512077294686,-0.09450320498301433,0.027916871606766317
1860000,0.6783236,1.0,0.22238551,-0.06240702,0.01759734,0.09867333,0.00016084305,0.06903759,0.053886794,0.14110079600995537,64.01162790697674,0.13010658583668774,0.05101225764198272
1870000,0.65469456,1.0,0.2539766,-0.002364297,0.021144498,0.0944309,0.00016012414,0.061944358,0.041339632,0.24982619714106152,59.23312883435583,0.24916360440429736,0.03401083718596792
1880000,0.6203382,1.0,0.42192456,0.015005386,0.018642073,0.09964424,0.00015942054,0.060411446,0.045678712,0.4793087340169057,58.17045454545455,0.4772228627545493,0.03311362626031041
1890000,0.6254513,1.0,0.4825513,0.026313728,0.01834089,0.09610028,0.00015864326,0.05610786,0.039202593,0.4516207812894916,58.26946107784431,0.4491506057331361,0.03450395300681422
1900000,0.61659414,1.0,0.44507557,0.03340147,0.012715889,0.10016217,0.00015786625,0.052947156,0.037634175,0.5542805089271718,55.542682926829265,0.5583212880125965,0.02741589451612658
1910000,0.5838248,1.0,0.49484262,0.036071382,0.016400393,0.10460305,0.00015709591,0.057927303,0.04183025,0.5223167792466875,57.64088397790055,0.5218158413692074,0.031199238067544297
1920000,0.5588422,1.0,0.49965778,0.048052855,0.013357465,0.10655876,0.00015632487,0.05124276,0.03719733,0.5116547117745894,58.203592814371255,0.5229381260400761,0.03091846529985527
1930000,0.55542827,1.0,0.45666397,0.06511502,0.016338196,0.09690285,0.00015561373,0.055016402,0.038187,0.48911180964489354,58.13414634146341,0.47816666488240406,0.03036421202350317
1940000,0.52659893,1.0,0.49418163,0.06937733,0.013130769,0.09493575,0.0001549178,0.052337687,0.026673418,0.5071364712590972,60.8187134502924,0.507651072147994,0.03166146287340562
1950000,0.5158978,1.0,0.5197535,0.064014696,0.012209149,0.09995635,0.00015413757,0.043261763,0.032174412,0.6117400999050698,55.904761904761905,0.6107162709037463,0.02312173511988173
1960000,0.4993131,1.0,0.5615905,0.06968045,0.013841882,0.10677508,0.00015335529,0.05419473,0.042925797,0.5689854514517928,56.21311475409836,0.5775248684935806,0.028062012401610117
1970000,0.4709273,1.0,0.5769267,0.08530541,0.0087235095,0.100154,0.00015258056,0.049614996,0.038253598,0.6169516365682226,53.08064516129032,0.6093191615444549,0.023987388961571963
1980000,0.40294656,1.0,0.59819937,0.0866043,0.006291982,0.10213082,0.0001518839,0.045075025,0.03439603,0.709605578175332,49.327777777777776,0.7091166837347879,0.021363592392946076
1990000,0.43083033,1.0,0.63408905,0.072161496,0.0023363533,0.103005365,0.00015118769,0.029513111,0.086965755,0.6852545052997127,57.435483870967744,0.6845878284144146,0.017625428114076375
2000000,0.44662854,1.0,0.6045268,0.046342175,0.0055127414,0.10601888,0.00015041333,0.037317447,0.06645788,0.686396213981456,51.61714285714286,0.6879962071350643,0.019252832059615425
2010000,0.4472522,1.0,0.56663615,0.050142746,0.005946122,0.10011776,0.0001496322,0.04373,0.047077317,0.645883095408034,54.7434554973822,0.6448708735211357,0.020158451094404253
2020000,0.45538783,1.0,0.63519496,0.04796606,0.0071953735,0.10169189,0.00014885669,0.04702918,0.039731298,0.7168673700165973,50.66326530612245,0.7174387936081205,0.022003361880446652
2030000,0.5426893,1.0,0.48931274,0.08880248,0.010678316,0.1046273,0.00014808407,0.049569372,0.039629668,0.5526025874199919,56.41025641025641,0.5534501155470587,0.024187111368426568
2040000,0.5307094,1.0,0.43223253,0.11257957,0.012989136,0.10296737,0.0001473099,0.060476743,0.046785165,0.4316564039197854,68.5246913580247,0.42906832954157953,0.042329654398356904
2050000,0.52961564,1.0,0.53046536,0.10288099,0.012809297,0.09862736,0.00014661365,0.048098996,0.049601167,0.6375297816176455,55.42261904761905,0.6375853225943588,0.02697241869533346
2060000,0.50280744,1.0,0.5397309,0.10451696,0.00786609,0.09587397,0.00014591782,0.0480371,0.05578781,0.6545661284871837,54.68156424581006,0.6555907506081793,0.02581254294556048
2070000,0.5176719,1.0,0.5325953,0.09519146,0.008858355,0.09712259,0.00014514239,0.04861241,0.063336864,0.6461277640003622,56.09580838323353,0.6440888970187216,0.02710859121359659
2080000,0.4619151,1.0,0.588312,0.0941484,0.0077890484,0.102118954,0.00014437086,0.04170111,0.046817996,0.632226334241415,56.77894736842105,0.633469469416204,0.02313096770719279
2090000,0.46015677,1.0,0.5807591,0.08398983,0.008298693,0.10135436,0.00014359776,0.038383674,0.046076365,0.7222321338949149,50.15183246073298,0.7213789586958133,0.018441621317087036
2100000,0.4597059,1.0,0.62924623,0.09327931,0.007594715,0.100193426,0.00014281909,0.036246445,0.059910923,0.7246989448084146,51.736559139784944,0.7248966247640192,0.018496741620415355
2110000,0.4316287,1.0,0.6159882,0.09684617,0.006854046,0.09930226,0.00014211384,0.040677503,0.047744893,0.7009738767302741,48.068627450980394,0.7009869445772732,0.01811615417611
2120000,0.41391355,1.0,0.6261849,0.101589926,0.0076150177,0.09938172,0.00014141305,0.03930662,0.046206776,0.6805426929537477,49.888888888888886,0.6801229926567633,0.018970833138508485
2130000,0.406541,1.0,0.6834331,0.09211565,0.006052182,0.099385925,0.00014064557,0.031099895,0.038473226,0.7807160691375395,44.611111111111114,0.7811874204791636,0.013465706636691423
2140000,0.42199168,1.0,0.656221,0.08928201,0.007781257,0.09874882,0.00013987818,0.033657275,0.03423522,0.7046366695367612,46.81042654028436,0.7041627324022953,0.014342460679817256
2150000,0.39755425,1.0,0.6366966,0.08916729,0.008026805,0.09501294,0.00013910812,0.035812832,0.034238655,0.717034846567433,47.40298507462686,0.7188059921881452,0.015069835903864372
2160000,0.4120591,1.0,0.64830405,0.094875135,0.010755113,0.10120948,0.00013833532,0.04034837,0.039994724,0.6689517115881658,47.98067632850242,0.6672447821944232,0.01880279555241915
2170000,0.40248907,1.0,0.6755956,0.104681626,0.0056371205,0.10064232,0.00013756324,0.033782043,0.02817687,0.7388280253138683,44.94063926940639,0.7393803199583834,0.013005856661634011
2180000,0.41047215,1.0,0.6509721,0.08789196,0.00667541,0.100392096,0.00013686367,0.032119956,0.036801416,0.7148383024960092,45.62376237623762,0.7139685076860646,0.013756263081392097
2190000,0.4423788,1.0,0.64009374,0.07775486,0.005737256,0.098557554,0.00013616719,0.040925108,0.04064972,0.7201848246924425,52.12435233160622,0.7201917262583817,0.019482790271708152
2200000,0.40580454,1.0,0.6779347,0.0849136,0.0050909393,0.10308071,0.00013539635,0.038574465,0.04412252,0.745338186600295,48.207729468599034,0.7456602140248401,0.017774904156962718
2210000,0.3677205,1.0,0.71349007,0.10350423,0.0044314517,0.09618697,0.00013462135,0.02797698,0.026286954,0.7634858223922851,44.72645739910314,0.763126510062388,0.01279133616688861
2220000,0.367575,1.0,0.67833054,0.091650195,0.006227304,0.0954132,0.00013383893,0.038973782,0.035012387,0.7605326991692624,45.470588235294116,0.7692118401597874,0.015717292642633756
2230000,0.35304832,1.0,0.7013956,0.09083308,0.0051459353,0.10213204,0.00013313233,0.0444592,0.042368237,0.7192196477374289,48.23364485981308,0.7221767623757207,0.020787360570068622
2240000,0.33828354,1.0,0.6750604,0.08715842,0.003824186,0.103843614,0.00013243147,0.027065229,0.043735627,0.7785379747712597,45.76732673267327,0.766892756713499,0.012212565526052719
2250000,0.31983683,1.0,0.6762281,0.08327604,0.003241983,0.11846496,0.00013165017,0.028546149,0.06070561,0.7443145752803558,45.38028169014085,0.744295790721553,0.012621672117881512
2260000,0.31796667,1.0,0.6384322,0.09019717,0.0014465919,0.10153387,0.00013088001,0.030329322,0.066193655,0.7232916884229501,46.57211538461539,0.7238942474986498,0.013493217008474927
2270000,0.3493034,1.0,0.6523256,0.084065266,0.00123114,0.0959579,0.00013010802,0.029919926,0.105554804,0.7408093166002521,49.41826923076923,0.7396071007574238,0.0135996016541019
2280000,0.38427922,1.0,0.6164411,0.08677863,0.0034443946,0.10208495,0.00012933758,0.037661027,0.09680323,0.7294570108617766,50.543010752688176,0.7402616659159301,0.01858106626933741
2290000,0.3778008,1.0,0.6226215,0.08112532,0.002323863,0.10254302,0.00012856783,0.044700705,0.11598985,0.7564444658715441,50.37158469945355,0.7473643169702728,0.02007523087830451
2300000,0.35033047,1.0,0.6255166,0.07880727,0.003758729,0.30568045,0.00012787062,0.037492037,0.13095406,0.7126717921239514,51.76020408163265,0.7128528096349106,0.020944717416993632
2310000,0.35806116,1.0,0.6322472,0.08427563,0.0040887627,0.10403379,0.00012718103,0.034699082,0.10646353,0.6726178692705516,53.11616161616162,0.6714192071948388,0.018803840536022125
2320000,0.36310574,1.0,0.62972873,0.08598512,0.0027498833,0.10130419,0.00012640707,0.028751573,0.10061519,0.7390242039353871,47.47150259067357,0.7391554605157882,0.013928650602109615
2330000,0.36664438,1.0,0.6439264,0.0900311,0.002078373,0.09184493,0.00012562217,0.03881395,0.10799046,0.7286202520171449,48.233830845771145,0.7278550159931183,0.018695894277188926
2340000,0.3981338,1.0,0.64561534,0.09597934,0.0024960092,0.10237561,0.0001248413,0.034534406,0.09917409,0.7338524281211772,49.40298507462686,0.7431940513463756,0.015446967085063532
2350000,0.39567113,1.0,0.61611605,0.09489263,0.0032728384,0.10148628,0.00012413113,0.034623634,0.08383144,0.6795427400756852,50.23618090452261,0.6723116880655289,0.017457189951092005
2360000,0.3624051,1.0,0.6085593,0.1071416,0.004776028,0.10413529,0.00012343116,0.0354384,0.060970493,0.6649691306588399,48.62926829268293,0.6718693013284721,0.016578770211815613
2370000,0.37263283,1.0,0.57667094,0.12261873,0.0027951333,0.09663765,0.00012264543,0.036925994,0.05351246,0.6561266919970512,47.5,0.6490973852353521,0.01783140628059201
2380000,0.3667214,1.0,0.61535174,0.1499377,0.0017792892,0.09450062,0.00012186046,0.030887604,0.06191666,0.7334118830465461,46.4375,0.7323673399328028,0.013401860002771888
2390000,0.38842636,1.0,0.662848,0.15624586,0.0016595721,0.103551604,0.00012107048,0.03176702,0.063862264,0.7797978115610125,44.63507109004739,0.7800695363661689,0.013381586520451506
2400000,0.37080303,1.0,0.6076266,0.15884459,0.0016892967,0.09437349,0.00012037582,0.032201353,0.06855215,0.6984078086224776,51.52284263959391,0.6995219056955492,0.01737372645393315
2410000,0.3642525,1.0,0.64803714,0.17658499,0.00396121,0.09665412,0.00011968294,0.034158833,0.06465576,0.7433541920965161,47.55288461538461,0.7425977837007779,0.014936435357622731
2420000,0.33763435,1.0,0.6348646,0.18353797,0.0019638084,0.09903084,0.00011890898,0.042923693,0.05938969,0.7265463676814716,49.06829268292683,0.7269366104428361,0.019307401980750444
2430000,0.33246478,1.0,0.65749854,0.20756833,0.002830314,0.09221549,0.00011813841,0.028689217,0.06090526,0.7708293722706299,46.73684210526316,0.7732982735314438,0.012664848908505728
2440000,0.35247067,1.0,0.66817373,0.20619008,0.0030316904,0.09574507,0.000117354364,0.04186895,0.07287679,0.735083357176045,49.02,0.7326233533024787,0.0178205651557073
2450000,0.32164773,1.0,0.6776529,0.19511162,0.0027198223,0.09784501,0.00011657941,0.039469376,0.063916706,0.770576690476155,47.63,0.7704366886615753,0.019383549619233234
2460000,0.32418475,1.0,0.68924177,0.1786184,0.0013944248,0.09738423,0.000115811046,0.02624378,0.06830559,0.7806711742255603,45.99103139013453,0.7803303631431854,0.012354402573186186
2470000,0.29406798,1.0,0.6839686,0.18478394,0.0019770318,0.095833,0.000115118484,0.026005654,0.07408552,0.766249245908503,44.59345794392523,0.7667165351248233,0.010526284943748196
2480000,0.3246465,1.0,0.6892938,0.19763981,0.004196382,0.09903046,0.00011441597,0.02794822,0.051175795,0.7880613442284126,44.910377358490564,0.7964786976152122,0.012102036249175031
2490000,0.31492478,1.0,0.69991434,0.19828622,0.0014595749,0.10068051,0.0001136457,0.023433281,0.08187723,0.7723273506245433,45.8018018018018,0.7638535364593626,0.010603070614604705
2500000,0.28347898,1.0,0.71092343,0.19143002,0.0014279617,0.09704216,0.00011287199,0.024643552,0.06231159,0.7712599347860425,44.08370044052864,0.7718649307011508,0.009662455801199711
2510000,0.25969246,1.0,0.725031,0.1732523,0.0013982749,0.091698766,0.00011209208,0.024997825,0.06446684,0.8070117186605849,41.81578947368421,0.8067836518350401,0.009387557686351468
2520000,0.23766977,1.0,0.7070267,0.16608147,0.0033169382,0.095917046,0.000111315865,0.030375132,0.03454238,0.7766142884232754,42.85589519650655,0.7866244804130371,0.011830297036413672
2530000,0.26418713,1.0,0.6926333,0.15290026,0.0026905893,0.10090224,0.000110616806,0.027280604,0.049768463,0.7853485119275071,43.60454545454545,0.7745833643458107,0.012309130979172717
2540000,0.2697526,1.0,0.66728586,0.13675113,0.0035308474,0.09918086,0.00010991471,0.0371703,0.057827156,0.7698483741737332,44.14414414414414,0.7703769074098484,0.017333796875014365
2550000,0.26435152,1.0,0.69103825,0.12717593,0.0018124075,0.09273265,0.00010913719,0.031760667,0.047964193,0.7692144152847845,43.502202643171806,0.7687856381685199,0.012585215787464826
2560000,0.27905267,1.0,0.70009315,0.13778332,0.0041009355,0.094511524,0.000108366876,0.026883435,0.041645415,0.7668296870578589,42.99559471365639,0.7667415857577639,0.01175164565595794
2570000,0.31695774,1.0,0.6827113,0.14155069,0.0039426745,0.0949053,0.00010758479,0.03063337,0.049983837,0.7558241861374673,43.98623853211009,0.7560123220292104,0.013034771945464858
2580000,0.31078053,1.0,0.6634417,0.13921541,0.0033756613,0.09694895,0.00010688447,0.030548666,0.05631096,0.7480597250541181,47.08955223880597,0.7479620719015008,0.01400950743291195
2590000,0.26495603,1.0,0.6706565,0.14589518,0.0078070424,0.112878345,0.00010618948,0.04456816,0.06691538,0.7032991310001567,46.419642857142854,0.7033348486625722,0.01866316163692058
2600000,0.2522903,1.0,0.6590928,0.13857122,0.007441093,0.09673382,0.00010541654,0.035259727,0.047302753,0.7458754117039215,45.070093457943926,0.7464139820531357,0.015919242652003156
2610000,0.23287594,1.0,0.6985147,0.11157017,0.004372937,0.09605803,0.00010464193,0.032212056,0.05828767,0.7933017451663357,42.12068965517241,0.7930346617708991,0.013513434288249193
2620000,0.2195755,1.0,0.7039006,0.10089084,0.003956244,0.09631171,0.000103871,0.023861432,0.05971276,0.7658436815223484,42.123893805309734,0.7771666987543613,0.010170482682163078
2630000,0.22152607,1.0,0.7147327,0.09107746,0.001354838,0.09910752,0.00010310231,0.024233378,0.049505845,0.8031116038249111,42.978813559322035,0.7926130253127066,0.011374802731166957
2640000,0.20812953,1.0,0.71996135,0.07725993,0.0039780024,0.10258506,0.00010232786,0.033422153,0.04270213,0.7927500206722594,42.40677966101695,0.7927500306297157,0.011513858767703838
2650000,0.20243527,1.0,0.7096436,0.07227809,0.0053459904,0.098283365,0.00010163066,0.028225802,0.04162675,0.791628715165651,40.59071729957806,0.7911280215038026,0.010760331939009927
2660000,0.20263918,1.0,0.7184408,0.08439513,0.0029789056,0.09784411,0.00010093688,0.025306385,0.03440054,0.8139105568240795,40.134199134199136,0.8140548670188689,0.008885579060226904
2670000,0.20798735,1.0,0.6559979,0.097167045,0.0028822906,0.09854951,0.00010015792,0.02536637,0.024703026,0.7575881670211226,46.34615384615385,0.7578381714052879,0.01410347880860522
2680000,0.22367282,1.0,0.6670335,0.1011222,0.002096254,0.092307925,9.938327e-05,0.028418904,0.054468382,0.750072424658216,46.76018099547511,0.758142454515804,0.013855449406599456
2690000,0.23363213,1.0,0.70069414,0.101941004,0.0041217683,0.0981695,9.8607925e-05,0.025774192,0.09472221,0.7947399361579023,41.36322869955157,0.7865789035069091,0.009236366431910678
2700000,0.22755605,1.0,0.6506787,0.10352988,0.0041040583,0.100171015,9.7831326e-05,0.026067967,0.059126686,0.7354755826656603,46.26222222222222,0.7351733655399746,0.01302474953337676
2710000,0.22412366,1.0,0.70089793,0.10274694,0.0047243917,0.09684816,9.706059e-05,0.02291808,0.04672403,0.759851241241461,40.8412017167382,0.7602117619289349,0.00816976646353119
2720000,0.2075333,1.0,0.7061541,0.08412657,0.0037603716,0.10001564,9.6363554e-05,0.024037234,0.047668554,0.7960098724525406,41.60337552742616,0.7957342116138603,0.009971551448774802
2730000,0.22457345,1.0,0.68815434,0.08040742,0.0027870177,0.09842867,9.5666335e-05,0.029066289,0.062299006,0.7704692194977625,44.59715639810427,0.7708483707000859,0.012492590928692988
2740000,0.20272326,1.0,0.7062228,0.08690934,0.0038879518,0.092886046,9.489096e-05,0.030999834,0.056506544,0.7623524474254952,44.13215859030837,0.7620352704882096,0.013695125318325169
2750000,0.20171459,1.0,0.6999899,0.10570984,0.0047750296,0.102859594,9.4111616e-05,0.026124349,0.04672661,0.766486316165399,43.35497835497836,0.7668095552302027,0.010894787713514391
2760000,0.21555994,1.0,0.7193667,0.10890919,0.005538677,0.09933533,9.3333736e-05,0.028143745,0.061247803,0.801398883571721,41.23504273504273,0.801302022786222,0.011192213942925645
2770000,0.19562688,1.0,0.6912472,0.11460622,0.00295184,0.09670459,9.262992e-05,0.025439411,0.05337047,0.75903984498587,42.730088495575224,0.7591460435527616,0.010803299681468974
2780000,0.2147248,1.0,0.6970583,0.10686192,0.0033241026,0.096299574,9.193058e-05,0.025707403,0.059816767,0.809175162254517,40.398305084745765,0.8088666948866337,0.009304524164527971
2790000,0.19242157,1.0,0.7027853,0.0942867,0.0034179683,0.095451154,9.1158894e-05,0.019997105,0.07824625,0.7537023010793038,44.58119658119658,0.7618227237082542,0.00955971718934226
2800000,0.18931884,1.0,0.7155499,0.09027019,0.0026830072,0.10593085,9.038702e-05,0.024542326,0.04211714,0.8267384187803694,39.21518987341772,0.8188832939174104,0.007993893661999972
2810000,0.18523659,1.0,0.7229588,0.092221566,0.0018167903,0.0954575,8.961331e-05,0.021655994,0.05545313,0.7988224268230595,41.14754098360656,0.7990519423953822,0.008584925200175647
2820000,0.18651798,1.0,0.73737085,0.08638064,0.0026081637,0.104979254,8.8846005e-05,0.021380713,0.049122,0.8029710966968632,41.078512396694215,0.8031867515002049,0.008225670410416773
2830000,0.18461569,1.0,0.74796444,0.08587137,0.0009785041,0.1001812,8.80692e-05,0.019216415,0.047113273,0.845109794442224,37.803212851405625,0.8443866980075836,0.005414156075101346
2840000,0.18396688,1.0,0.7495818,0.096422516,0.0030838237,0.09688706,8.7365086e-05,0.027663335,0.052390777,0.8116721544933857,39.967213114754095,0.8117923809856665,0.00989672663091056
2850000,0.19291085,1.0,0.7115948,0.1013916,0.0027920108,0.09967198,8.666474e-05,0.028613716,0.043864604,0.7908889124534116,40.61538461538461,0.7912592868774365,0.01132938248785929
2860000,0.18724638,1.0,0.7246242,0.121232465,0.0032806888,0.09365612,8.589137e-05,0.025105491,0.05250441,0.7937070101362488,41.57258064516129,0.7933940868146023,0.010594017205096269
2870000,0.19082288,1.0,0.74484724,0.14765494,0.0014292663,0.095381394,8.5115505e-05,0.02414572,0.04858,0.8347653007367626,38.291666666666664,0.8345505169813069,0.008206516389321551
2880000,0.17603646,1.0,0.7392543,0.13650244,0.0019381332,0.09571801,8.434658e-05,0.024159849,0.05201456,0.8022728724876463,41.431451612903224,0.8022728752224676,0.01055101360825281
2890000,0.18457863,1.0,0.74772346,0.1247003,0.0027617035,0.095506065,8.35713e-05,0.019216835,0.05009084,0.8264899015858362,39.38056680161943,0.8263765452844412,0.006996466680656108
2900000,0.18806338,1.0,0.74060035,0.115556926,0.0008862774,0.0938319,8.2876446e-05,0.014230091,0.08043277,0.8167595861901407,37.709016393442624,0.8163939657782721,0.005424358828131817
2910000,0.18502899,1.0,0.7071149,0.10835296,0.0036950023,0.095415674,8.2187275e-05,0.024819825,0.054790758,0.7882031720909071,43.41630901287554,0.78887609551605,0.009849662840282783
2920000,0.1726381,1.0,0.7371111,0.11633278,0.0022263066,0.09657405,8.1413156e-05,0.023146365,0.04272428,0.8002879019010781,40.68181818181818,0.8001893263294864,0.009060163733093336
2930000,0.15583555,1.0,0.755634,0.114298366,0.0012851004,0.096190356,8.0642836e-05,0.019561823,0.04365648,0.8354097735587684,39.18181818181818,0.8356018828021156,0.006806053806074141
2940000,0.15549637,1.0,0.7533938,0.10949259,0.0017788501,0.09796068,7.986741e-05,0.019406062,0.049396437,0.8356600760201377,38.142857142857146,0.8355595549893757,0.0060978728778002455
2950000,0.15938121,1.0,0.7495711,0.10739175,0.00029515644,0.098503426,7.910272e-05,0.014678389,0.037560053,0.8355086553114581,39.179282868525895,0.8358452664244742,0.006003622152280831
2960000,0.1704506,1.0,0.75823,0.1073905,0.000673502,0.09716345,7.832293e-05,0.016908402,0.054715533,0.8464240220487118,37.472,0.8464933614730835,0.005409011786803603
2970000,0.17378047,1.0,0.75164324,0.112529494,0.0018786166,0.10109237,7.7623146e-05,0.01900604,0.08709125,0.8102798590105058,40.30452674897119,0.810296322951101,0.00612459561611246
2980000,0.14566886,1.0,0.75255466,0.10844257,0.0010002352,0.09717156,7.692904e-05,0.025251582,0.059811942,0.825953168633682,40.570281124497996,0.8258782072239611,0.007286324003995602
2990000,0.16363864,1.0,0.7605751,0.10218651,0.0013436077,0.10065504,7.615312e-05,0.018605731,0.037587576,0.8357383030852361,38.16015625,0.8356261751231026,0.006486298517305769
3000000,0.16616204,1.0,0.75425756,0.098976865,0.0005543054,0.100730084,7.5379954e-05,0.01856393,0.03765197,0.8235242149244333,39.12096774193548,0.8232436697167086,0.006735222467902045
3010000,0.15862623,1.0,0.7607104,0.09534927,0.0003989034,0.09837769,7.4618154e-05,0.013851988,0.044113915,0.8347372764356288,38.35686274509804,0.834977809120627,0.004510994130909881
3020000,0.15604298,1.0,0.7556273,0.09874045,0.0011769683,0.09469694,7.3852556e-05,0.015079083,0.04096473,0.8344611541401197,38.41501976284585,0.8346877793078366,0.005368701001470945
3030000,0.16176331,1.0,0.76288307,0.102788,0.0015060019,0.103318736,7.308513e-05,0.016990084,0.038060162,0.8360820541311114,38.03515625,0.8359831059351563,0.005934701014211896
3040000,0.17434022,1.0,0.75805503,0.11635115,0.0028009005,0.10062094,7.238575e-05,0.029597448,0.042126797,0.8233240967817855,38.273809523809526,0.8230701410581195,0.010064856505893643
3050000,0.1710902,1.0,0.7482225,0.13220136,0.0009423848,0.092249684,7.1690534e-05,0.024049137,0.04476611,0.8316506235869638,39.11244979919679,0.8317791485642813,0.008647391583815396
3060000,0.16624612,1.0,0.75482273,0.13544285,0.00040484284,0.101766765,7.0921415e-05,0.01483644,0.04352665,0.839024956075944,38.303149606299215,0.839019722239239,0.005203743641242737
3070000,0.16722952,1.0,0.75399405,0.13190266,0.0019752942,0.09732077,7.015617e-05,0.021097554,0.0482196,0.8288500891880592,38.83935742971887,0.8283844412334503,0.007017966013189571
3080000,0.15844929,1.0,0.76317364,0.11754605,0.00057846215,0.09575085,6.938751e-05,0.017371695,0.041859426,0.8296746914787217,39.616,0.8305173686742783,0.007224081974010915
3090000,0.16783018,1.0,0.7535915,0.09114945,0.00076998875,0.09926814,6.861446e-05,0.01784392,0.040772166,0.8411973580829799,38.756,0.8405617848335509,0.0063535028496252526
3100000,0.16567323,1.0,0.75424415,0.058767643,0.0016649112,0.103653945,6.783903e-05,0.019078465,0.0348479,0.8240946908751503,39.012,0.8316213668584823,0.006190021724440158
3110000,0.16361491,1.0,0.7483368,0.03939576,0.0011863784,0.098968916,6.713843e-05,0.019984286,0.046009038,0.829282281744752,38.70564516129032,0.8218777208558975,0.007861488761151239
3120000,0.15422726,1.0,0.7581404,0.02230785,0.001348741,0.09789754,6.643977e-05,0.020599555,0.042826094,0.8292830923871536,39.773809523809526,0.8290714586064929,0.008263917541914871
3130000,0.1607773,1.0,0.7585573,0.04031535,0.0007210636,0.09778021,6.5669046e-05,0.017405298,0.05639581,0.8374672257659366,38.670682730923694,0.8379170338073408,0.00591426542642186
3140000,0.14921404,1.0,0.760974,0.052814152,0.00034715695,0.09239214,6.4896376e-05,0.014186668,0.033475287,0.8383945547448093,38.46875,0.838337269728072,0.005517715410405799
3150000,0.1538108,1.0,0.7560239,0.059721958,0.0037238926,0.094621494,6.412889e-05,0.018146928,0.026087787,0.807465407717973,37.603846153846156,0.8073936191888956,0.006213251536470264
3160000,0.16537084,1.0,0.73727834,0.07607729,0.0020584515,0.09975799,6.336131e-05,0.029463593,0.03874477,0.8236355262238729,39.08943089430894,0.8236409502058495,0.009533923242820382
3170000,0.15549421,1.0,0.74437773,0.07081524,0.0033274915,0.095086694,6.259227e-05,0.018936658,0.05560083,0.816921111099346,38.7265306122449,0.8166272406675378,0.007320974754378656
3180000,0.14572403,1.0,0.7448106,0.06322781,0.0008324071,0.10076585,6.181621e-05,0.016354024,0.039976705,0.826516493442634,39.49802371541502,0.8265955496446888,0.0062391296049337025
3190000,0.15300366,1.0,0.73610353,0.072982594,0.0038331682,0.10014589,6.111869e-05,0.017478477,0.042473376,0.8132735960207791,38.820717131474105,0.8132735990670573,0.006217483137047801
3200000,0.1519607,1.0,0.7446489,0.09450812,0.0026253527,0.10113361,6.0428363e-05,0.0117550455,0.03536464,0.8345577438300338,38.509727626459146,0.8349157261013521,0.004553588100886588
3210000,0.14718516,1.0,0.7600145,0.096013054,0.001853781,0.09730897,5.966042e-05,0.014477874,0.035108432,0.8314677258888477,37.33720930232558,0.8309559341998416,0.004335587729196198
3220000,0.15213253,1.0,0.7566166,0.07758749,0.0028347403,0.09785033,5.8891175e-05,0.025512148,0.034614652,0.8197309966895758,38.24409448818898,0.8199372861899582,0.010462536318592874
3230000,0.14980552,1.0,0.7545216,0.06217998,0.0019644513,0.098604485,5.811931e-05,0.017559495,0.040822953,0.8143255153396989,38.64313725490196,0.8146287893547731,0.006536697357089496
3240000,0.1646677,1.0,0.7446046,0.050524164,0.0019844305,0.09494762,5.734978e-05,0.016919276,0.03590048,0.8442226843761185,38.027667984189726,0.8441278286602186,0.006095467031318621
3250000,0.18348493,1.0,0.7512889,0.05291311,0.001739071,0.102903746,5.6582387e-05,0.018009694,0.08273797,0.8353821713902119,37.09205020920502,0.835119969301144,0.006166585223266083
3260000,0.17419542,1.0,0.73282355,0.071937434,0.00043942002,0.103648245,5.5888202e-05,0.015287498,0.1099169,0.7783177563811633,44.87659574468085,0.7783604243881682,0.007150913154383978
3270000,0.17500041,1.0,0.743087,0.1127398,0.0010370339,0.09602075,5.519001e-05,0.013500415,0.09054399,0.8187851479492527,40.247933884297524,0.8187201901227849,0.004633139521161424
3280000,0.17736517,1.0,0.73843044,0.11841405,0.0014781809,0.096672356,5.4413744e-05,0.021444159,0.0936835,0.8232403023042328,40.1375,0.82347363854448,0.006625042686452313
3290000,0.17070645,1.0,0.73494077,0.12083898,0.0010531319,0.09635541,5.364357e-05,0.023382705,0.08261187,0.7906378316753483,43.83982683982684,0.798339131977651,0.009766919728372552
3300000,0.14509171,1.0,0.7568947,0.14442673,0.0018273344,0.093334146,5.2867894e-05,0.018884774,0.053628165,0.8302964673206401,38.56521739130435,0.8232543108020376,0.0074450800014961615
3310000,0.15812866,1.0,0.75913566,0.14275579,0.0008958496,0.09777515,5.2092026e-05,0.017482985,0.04137466,0.8452948448452282,37.79681274900398,0.8448645707620568,0.00515646790896368
3320000,0.15403883,1.0,0.7526233,0.13222781,0.0020124346,0.10341181,5.132275e-05,0.020620517,0.03693568,0.816457358785905,39.964,0.8165746967792511,0.009279285423457623
3330000,0.14615941,1.0,0.76524985,0.11114825,0.00015501997,0.09635171,5.062486e-05,0.012649033,0.040441085,0.8457593563009183,37.63706563706564,0.8459086551629439,0.00445515923669497
3340000,0.14911847,1.0,0.76242054,0.100153126,0.0007003484,0.09450969,4.9932092e-05,0.011450401,0.036791466,0.8375672074540179,37.736434108527135,0.8373811665431473,0.004186351909464615
3350000,0.1489918,1.0,0.76391405,0.096522935,0.001272313,0.089099735,4.9163027e-05,0.014528826,0.0321,0.8317312904770753,37.25581395348837,0.8318656625211701,0.005428343743732011
3360000,0.13225485,1.0,0.75548285,0.09129897,0.0028504382,0.098360226,4.8391994e-05,0.021417815,0.028827632,0.8193802122507304,39.200803212851405,0.8192784752711714,0.007631848360987821
3370000,0.12886557,1.0,0.76038784,0.08117332,0.00012545871,0.10079906,4.7622616e-05,0.015330096,0.031078953,0.8412532052034085,37.80534351145038,0.8412363017655881,0.00527591571850538
3380000,0.12783438,1.0,0.75221854,0.0741219,0.00031667514,0.094015695,4.6852183e-05,0.015832432,0.031075168,0.8341190739449794,38.54761904761905,0.8340856736827745,0.005757410580562906
3390000,0.12236321,1.0,0.7651171,0.07720912,0.00011956125,0.09270942,4.608339e-05,0.015625883,0.037791856,0.8466615626803384,37.39230769230769,0.8468718285744007,0.0047456190301230754
3400000,0.124158405,1.0,0.76326877,0.081611276,0.00020431099,0.11058813,4.5318997e-05,0.011749188,0.028519064,0.8498981371908536,36.56981132075472,0.8499506043390629,0.004016274808305794
3410000,0.13748412,1.0,0.7533249,0.092088275,0.001822961,0.091732405,4.462721e-05,0.017075507,0.03707134,0.8342196039184706,37.50396825396825,0.8338854126779458,0.005022407751880115
3420000,0.15708895,1.0,0.73951566,0.08284227,0.0006547682,0.09956728,4.392929e-05,0.02248585,0.037169706,0.8140027799387655,41.37603305785124,0.8143168373787699,0.009988294877323577
3430000,0.13077492,1.0,0.76924896,0.079567194,0.0016225781,0.10114132,4.315638e-05,0.022016035,0.037503757,0.8318005413119052,38.173745173745175,0.8319086585495923,0.0072719363520878395
3440000,0.12847553,1.0,0.7667711,0.081657745,0.00031378167,0.092900336,4.2382104e-05,0.012219156,0.030050907,0.8485006593351921,36.88973384030418,0.8485050876483773,0.004037650215402457
3450000,0.13117826,1.0,0.7601094,0.09079215,0.0007770001,0.09977342,4.161001e-05,0.01498681,0.026730409,0.84295722437979,37.30350194552529,0.8426407620832614,0.0051038243342643955
3460000,0.13816978,1.0,0.76058984,0.10919374,0.0008924518,0.09742201,4.0841758e-05,0.020521365,0.02599948,0.8355420094049173,37.26335877862596,0.8356053966215287,0.007113046900429887
3470000,0.12598705,1.0,0.762137,0.118845955,0.0016467118,0.09634378,4.0071252e-05,0.013730342,0.029323166,0.8345089315788693,37.538167938931295,0.8344854584438266,0.004872850800188039
3480000,0.120090246,1.0,0.7587737,0.12795249,0.0007284892,0.098703645,3.9381033e-05,0.015568726,0.029675534,0.8400195541344146,38.0546875,0.8399987259181216,0.006224692214118477
3490000,0.12658122,1.0,0.7610166,0.15407398,0.0020138337,0.092753865,3.8684295e-05,0.01724991,0.025100077,0.832971599532378,37.85658914728682,0.8401919902530626,0.00486414569270605
3500000,0.13429993,1.0,0.7668271,0.1608274,0.0005282019,0.10156424,3.7913414e-05,0.020481478,0.035282753,0.8462656491938105,37.47265625,0.8389935448243924,0.006243937385652635
3510000,0.12497943,1.0,0.74131554,0.14443806,0.0031967242,0.093065046,3.7143083e-05,0.015601769,0.031810753,0.8248228575762977,37.89370078740158,0.825017091913486,0.005705662479158491
3520000,0.12739974,1.0,0.73804575,0.12435039,0.0013437232,0.09287207,3.6372625e-05,0.019236308,0.033390842,0.8070908120617543,40.13414634146341,0.8071829602728046,0.00784052325776074
3530000,0.1146645,1.0,0.76086843,0.12652099,0.0006714178,0.0956415,3.5593654e-05,0.015765747,0.028568422,0.8405814500959263,37.912213740458014,0.8402654172136234,0.005450951939341254
3540000,0.11274888,1.0,0.76426154,0.12244926,0.0034541115,0.092595115,3.4826448e-05,0.013121968,0.021202313,0.8255057296761712,36.93916349809886,0.8257689744685636,0.004479414649805139
3550000,0.107224524,1.0,0.76112324,0.116561934,0.00013040079,0.10422294,3.405833e-05,0.011498029,0.02425757,0.8487828539042367,36.85227272727273,0.8489622979793908,0.0036594491309205174
3560000,0.1058218,1.0,0.76299757,0.09507763,0.0007243395,0.10107391,3.336682e-05,0.014706446,0.023448396,0.8490102050100802,36.778625954198475,0.8488697692808977,0.00445764737450821
3570000,0.11088761,1.0,0.7677419,0.07271878,0.0014016334,0.09907369,3.2669388e-05,0.02363952,0.020885011,0.8357433204742513,37.191570881226056,0.8356360497374188,0.007993271647527871
3580000,0.121765934,1.0,0.75536543,0.07046145,0.00061600155,0.09992554,3.19038e-05,0.020171942,0.020564478,0.8279057092596452,38.13178294573643,0.8279434046690068,0.006821250156445508
3590000,0.14325762,1.0,0.7413435,0.06612414,0.0023765785,0.10091098,3.113751e-05,0.018912284,0.023799488,0.8435288055063072,36.100401606425706,0.843432430282654,0.006069909174128035
3600000,0.11604703,1.0,0.7367166,0.05322394,0.00042698122,0.09614592,3.035414e-05,0.020685308,0.026924422,0.7980443803948395,42.395161290322584,0.7984207306177385,0.009609118943767352
3610000,0.11484543,1.0,0.75867593,0.05101576,0.0014903804,0.100355886,2.9583034e-05,0.014081667,0.024013737,0.8418689810898411,36.60687022900763,0.8417010514335778,0.005061973669239185
3620000,0.12684672,1.0,0.75899804,0.055674914,0.002188424,0.09907862,2.8880642e-05,0.014458507,0.025509374,0.8209025895814053,38.003846153846155,0.8206974689777081,0.005039121962349432
3630000,0.10928744,1.0,0.7575367,0.05483724,0.00074089796,0.09070701,2.8184466e-05,0.012094471,0.023635615,0.8505694150547805,36.34241245136187,0.8506472451677582,0.0034416374457811624
3640000,0.1127985,1.0,0.7539196,0.059932966,0.00026658052,0.098689094,2.741199e-05,0.0118626505,0.029336875,0.8264483455694894,39.48449612403101,0.8266277866372802,0.005811714341208078
3650000,0.108289964,1.0,0.76650846,0.06951151,8.5922075e-05,0.09899671,2.6634527e-05,0.01259991,0.033407416,0.8475875077248191,37.12643678160919,0.8473613553374778,0.004008306863092114
3660000,0.11171702,1.0,0.7700482,0.07926527,6.713362e-05,0.10032426,2.585933e-05,0.009992029,0.025620764,0.8496419070842486,36.57620817843866,0.8499014073989811,0.003143425314505811
3670000,0.11041502,1.0,0.7611467,0.088560425,0.00040684905,0.097227715,2.5084864e-05,0.013930204,0.029267484,0.8435560133530089,37.10546875,0.8435465456672417,0.003914548447599288
3680000,0.10418158,1.0,0.7657607,0.09120975,7.3346615e-05,0.10103949,2.4311357e-05,0.013611155,0.027773675,0.8422916911358973,37.43939393939394,0.8420543274418875,0.0052943297249095685
3690000,0.10777995,1.0,0.76595086,0.09177834,0.0005438998,0.10046658,2.3618384e-05,0.0093952725,0.021060796,0.8482980040417081,36.91287878787879,0.8486010439016602,0.003407658044483414
3700000,0.10877109,1.0,0.766088,0.08207399,0.0030435883,0.09073286,2.29271e-05,0.011687739,0.024719777,0.8278402245083775,36.41947565543071,0.8276654526535492,0.00377656882611358
3710000,0.11616848,1.0,0.76119477,0.07662421,0.00084841216,0.09553746,2.2151076e-05,0.014791961,0.024521908,0.8330985074404232,36.92045454545455,0.833229828738805,0.00471205309595186
3720000,0.10874049,1.0,0.76119924,0.07120521,0.0009618715,0.0972773,2.1381813e-05,0.010765265,0.023207303,0.8335328525934143,36.84090909090909,0.833593467871348,0.003872993789572678
3730000,0.108570844,1.0,0.7625611,0.072403945,0.0013355364,0.098383136,2.060977e-05,0.0137207415,0.02572385,0.8474562977345044,37.125475285171106,0.8471272592326157,0.005152695817172612
3740000,0.11277615,1.0,0.76303446,0.07056437,0.00019784606,0.09687553,1.9835828e-05,0.009151207,0.019999657,0.8497883635661618,36.543726235741445,0.8499049757370024,0.00277177276737818
3750000,0.111031145,1.0,0.7439942,0.07349558,0.0005192787,0.094340816,1.9068157e-05,0.022258703,0.026630213,0.8274928359999595,38.19607843137255,0.8273516688861099,0.009186076486538
3760000,0.10535653,1.0,0.75964427,0.06922801,0.0015180388,0.09714504,1.838048e-05,0.011590367,0.0287748,0.8308448078331203,37.465648854961835,0.8308758271057796,0.004185555379938674
3770000,0.101228036,1.0,0.768515,0.068329856,6.4115935e-05,0.09659483,1.7686209e-05,0.00823677,0.02823388,0.8484293168488269,36.90530303030303,0.8487121571194042,0.002873299517060249
3780000,0.1025012,1.0,0.7668176,0.06632933,0.00020288015,0.09700433,1.6913053e-05,0.009063812,0.02469866,0.849350900980959,36.67293233082707,0.8493759737427073,0.0029567219478890466
3790000,0.09966915,1.0,0.76909727,0.062007546,0.0012857683,0.09462388,1.6138492e-05,0.012555322,0.020899279,0.8428839183646195,36.40449438202247,0.8427640789010552,0.0034429438613627233
3800000,0.10266545,1.0,0.76668376,0.060394336,0.00061475614,0.09070934,1.5361715e-05,0.015215429,0.020843323,0.8426791735949197,36.46816479400749,0.8428689466880055,0.0037568440161164056
3810000,0.10791984,1.0,0.7641766,0.058224585,0.0006827844,0.098699145,1.4589245e-05,0.009714941,0.019822137,0.8420203026603666,36.58174904942966,0.8419493375622275,0.0033615680801869856
3820000,0.10751362,1.0,0.75920004,0.05247775,0.00067593995,0.09663339,1.382132e-05,0.022277633,0.024241786,0.842020303113634,37.547528517110266,0.8421845127835529,0.006349080400843571
3830000,0.10519324,1.0,0.7687521,0.033659447,0.00010002019,0.09629635,1.3126636e-05,0.013529859,0.01813915,0.8500927555535857,36.50375939849624,0.8496567115801551,0.004950744068086119
3840000,0.10840529,1.0,0.7547436,0.019026091,0.0022314505,0.09759892,1.2434229e-05,0.013580148,0.016742485,0.8280449662783117,36.37078651685393,0.8281698200140106,0.004313844648514236
3850000,0.09983197,1.0,0.7637726,0.01950087,0.0019313174,0.09634368,1.1662387e-05,0.011345458,0.016243072,0.8355488949980503,36.3609022556391,0.8430390276998844,0.0035298451899884726
3860000,0.0990868,1.0,0.7593392,0.01901049,0.001155228,0.09102803,1.0889844e-05,0.008954438,0.01702406,0.8437108832427342,37.121212121212125,0.8362302238086484,0.0034781623455994535
3870000,0.10368105,1.0,0.7694497,0.01316489,9.9127225e-05,0.089145415,1.0118856e-05,0.008274239,0.017053843,0.8427459975482973,36.44237918215613,0.8427152088773784,0.0027137641621659747
3880000,0.11013031,1.0,0.7574942,0.0031384944,0.0035557155,0.09395055,9.347464e-06,0.0125628635,0.019459503,0.8335718186894575,36.75769230769231,0.8335977349701512,0.003326728917485267
3890000,0.107065976,1.0,0.7657608,0.0022290337,0.00010358645,0.09649914,8.57701e-06,0.014462167,0.019005481,0.8435924756472474,37.16981132075472,0.8434666991233826,0.0060032732384982255
3900000,0.10180899,1.0,0.76964086,-0.0022073,0.00021987071,0.09809743,7.808799e-06,0.013110638,0.01795887,0.8503060948906889,36.438661710037174,0.8500462272640471,0.003961982840780267
3910000,0.109251,1.0,0.76463366,-0.0027484992,0.0012157097,0.0964488,7.1110367e-06,0.010461481,0.014023165,0.8370526552557441,35.96616541353384,0.8376042795984933,0.003428508047091213
3920000,0.10588641,1.0,0.7533602,0.007817297,0.0015776694,0.09348654,6.4163223e-06,0.014613742,0.019118136,0.8377407638095604,37.64367816091954,0.8375420169975921,0.0050041408765481655
3930000,0.10054646,1.0,0.7659254,0.016524633,9.5649026e-05,0.096218795,5.6417784e-06,0.009532541,0.025308346,0.84195616370053,36.62406015037594,0.8419160730856702,0.003258458486604119
3940000,0.104574345,1.0,0.7705995,0.017015394,0.0006537206,0.09397207,4.869953e-06,0.008559094,0.017781341,0.851446138985483,36.14661654135338,0.8514261001482942,0.0025686396308211763
3950000,0.10737789,1.0,0.75665605,0.027522208,0.0013082388,0.09960218,4.0987898e-06,0.019293964,0.018512703,0.8272132022069882,38.32945736434109,0.8275026174247727,0.005837847490193929
3960000,0.10473437,1.0,0.7612892,0.053514168,0.0028325852,0.10409049,3.3296146e-06,0.012474528,0.017109834,0.8428705363928412,36.34230769230769,0.8426808031705709,0.003727612509436977
3970000,0.10157488,1.0,0.75266,0.06568043,0.003982591,0.10340376,2.5598067e-06,0.0095685925,0.018966902,0.8368308310922602,37.91287878787879,0.8370732640226682,0.004421933270130081
3980000,0.09952344,1.0,0.7664756,0.043212302,0.005363828,0.09263609,1.8675249e-06,0.0118012605,0.018885126,0.8434200971993205,36.301115241635685,0.8429938141089767,0.0031731914815322647
3990000,0.10771623,1.0,0.7666789,0.02127023,0.007931401,0.10597558,1.1766991e-06,0.0093422625,0.018053316,0.8512094725972448,36.20306513409962,0.8514631351896824,0.003050992680795292
4000000,0.109665126,1.0,0.75126004,-0.027302893,0.013803084,0.09601955,4.0939068e-07,0.011780342,0.020814229,0.8298633692436406,37.701149425287355,0.829771425075458,0.004381845914847949
