Steps,Policy/Entropy,Environment/Lesson,Policy/Extrinsic Value Estimate,Policy/Curiosity Value Estimate,Environment/Cumulative Reward,Environment/Episode Length,Policy/Extrinsic Reward,Policy/Curiosity Reward,Losses/Value Loss,Losses/Policy Loss,Policy/Learning Rate,Losses/Curiosity Forward Loss,Losses/Curiosity Inverse Loss
10000,2.1465135,0.0,0.45752466,-0.20598409,-0.9999999310821295,248.0,-1.0000000894069672,1.288544215654072,0.09243454,0.10438746,0.0002989363,1.8254275,1.1421223
20000,1.7497679,0.0,0.113965176,0.22836447,-0.9999999310821295,248.0,-1.0000000894069672,1.4897804416716098,0.0067955456,0.09869553,0.00029702415,0.46591997,0.606804
30000,1.2677244,0.0,-0.12757495,0.5685989,-0.7500075115293096,225.5,-0.7500379539348863,1.494973973286423,0.007411496,0.09988089,0.00029491412,0.491077,0.47577435
40000,1.0274656,0.0,-0.22522724,0.6638746,-0.8637518704771389,237.62790697674419,-0.8637830136820327,1.503623671656431,0.0062461346,0.10585923,0.0002930115,0.5029247,0.40004623
50000,1.1849451,0.0,-0.39148176,0.9446197,-0.8068808886233628,230.07142857142858,-0.8068810204664866,1.978255966944354,0.0072369813,0.100902475,0.000291113,0.49978837,0.40882787
60000,0.6109094,0.0,-0.26257247,0.98561424,-0.7800464487017327,228.30232558139534,-0.7799845719060232,1.9970527672490408,0.046736475,0.10141853,0.0002890025,0.425335,0.32994118
70000,0.68571985,0.0,-0.2514996,0.7027051,-0.6643999355793413,220.0,-0.6644297003746032,0.8027388417058521,0.0073126247,0.09702037,0.00028690888,0.32681972,0.22392587
80000,0.5783083,0.0,-0.2955689,0.5253929,-0.6987245771072238,216.67391304347825,-0.705106442279004,0.6720276358834607,0.0066425875,0.10049307,0.00028501378,0.27171206,0.18273436
90000,0.7384755,0.0,-0.30370486,0.4473949,-0.6867184565247347,220.17777777777778,-0.679628851738843,0.6354596525938674,0.0071799112,0.10149572,0.00028314558,0.30387083,0.18120417
100000,0.57123476,0.0,-0.26721814,0.37289855,-0.29247363254003095,172.59649122807016,-0.2924737281966628,0.37644286332815363,0.012646173,0.09817151,0.00028107013,0.22193268,0.14606997
110000,0.5096607,0.0,-0.16787007,0.3043276,-0.4504625269934079,202.83673469387756,-0.46142672538757323,0.34766228917986153,0.010369826,0.10063039,0.00027900067,0.1628174,0.10950212
120000,0.5697704,0.0,-0.19752282,0.26293948,-0.2605084243498869,173.72881355932202,-0.24775867009985036,0.3700889440189148,0.012966069,0.102519296,0.00027691835,0.20141025,0.1252683
130000,0.58350426,0.0,-0.074850805,0.2498773,-0.02713230809689883,141.4264705882353,-0.027171596884727478,0.34053558461806355,0.014958222,0.10092924,0.00027503152,0.21678543,0.17489938
140000,0.6203366,0.0,-0.015493014,0.2766114,0.12098798989767141,119.01204819277109,0.10767458024479094,0.3471779734827578,0.014843984,0.09813997,0.00027317525,0.25497058,0.20711967
150000,0.5031138,0.0,0.20536427,0.2899858,0.4874463103142036,81.50413223140495,0.48414999345938364,0.1738697969277079,0.02042441,0.09965553,0.00027109016,0.22452481,0.11922406
160000,0.33040965,0.0,0.4900321,0.3073137,0.6695122621061628,56.12429378531073,0.6695122430890293,0.0722886573649564,0.016390828,0.09965627,0.00026903293,0.12950647,0.08911369
170000,0.37469748,1.0,0.21247718,0.24500348,0.0870594035432202,134.3835616438356,0.09781528244147429,0.2474857623361655,0.010538004,0.10085106,0.00026698934,0.16047779,0.12453608
180000,0.24541603,1.0,0.059660546,0.23054163,0.21680004541451733,131.09333333333333,0.20963512038862384,0.15976652263890248,0.015649851,0.0980569,0.00026492702,0.1251203,0.054492235
190000,0.16266108,1.0,0.31450656,0.16956978,0.45515860925491863,98.67961165048544,0.45508090008809726,0.05743336479984296,0.011564151,0.10257764,0.00026285005,0.05278817,0.018756375
200000,0.1880606,1.0,0.48866436,0.13492692,0.593862934674572,78.33870967741936,0.5938736772344958,0.03721437253989279,0.006695877,0.10018616,0.00026097993,0.047224272,0.016805526
210000,0.13843657,1.0,0.6267869,0.12814397,0.7265940492193644,64.21153846153847,0.7378269563882779,0.019921381056356508,0.0016995401,0.098625794,0.00025910916,0.030766606,0.0069943294
220000,0.076735005,1.0,0.6496723,0.1304725,0.7517667048843577,61.125,0.7408229725435376,0.011504163447534665,0.0006032079,0.09777989,0.0002570434,0.019154629,0.0032636374
230000,0.08326505,1.0,0.63810766,0.12669154,0.7507316936861794,61.38364779874214,0.7508826506962566,0.005204387848212753,0.00017780092,0.09716378,0.00025499202,0.008495854,0.00090416725
240000,0.084285595,1.0,0.608203,0.13281947,0.7046355973106498,66.24666666666667,0.7044756120443344,0.015172625314444304,0.0017340204,0.10242267,0.00025294186,0.03350748,0.008424146
250000,0.057410333,1.0,0.6398062,0.06371173,0.7521263337375955,61.06832298136646,0.7521263568297677,0.005942779193308366,0.00037647123,0.1045861,0.00025089263,0.008217044,0.0015443808
260000,0.08408554,1.0,0.62124246,-0.004748852,0.6495777985046584,72.04444444444445,0.6625481832910467,0.02909964635036886,0.0008802967,0.10274831,0.00024884535,0.0550436,0.013808461
270000,0.40202168,1.0,0.14268535,0.26219207,-0.8720649748574942,241.0487804878049,-0.8750794366711662,2.7642050656223938,0.35831806,0.10181471,0.00024697476,0.34434214,0.20679735
280000,0.42419708,1.0,-0.14192234,0.3431971,-0.8431787934983377,239.8048780487805,-0.8431789300790647,0.6026373620985485,0.003731853,0.10198265,0.00024509043,0.25970536,0.16248286
290000,0.34426516,1.0,-0.25700623,0.279025,-0.8988373304047145,241.5121951219512,-0.8988374638848189,0.41296955393400137,0.0032257424,0.09295358,0.00024299002,0.16150229,0.07454736
300000,0.40635085,1.0,-0.35600677,0.22372098,-0.9372165988723282,245.275,-0.9372167356312275,0.4664339695125818,0.0021531999,0.09896715,0.00024087534,0.19506522,0.12046544
310000,0.39520302,1.0,-0.3520532,0.21612261,-0.6658147491825124,225.9111111111111,-0.6658148725827535,0.5174628641870287,0.00637103,0.09613228,0.00023898222,0.22350478,0.120554276
320000,0.42142457,1.0,-0.25150853,0.2275634,-0.5109854470887829,213.08695652173913,-0.5001185788048639,0.4895047961216834,0.008287339,0.09698855,0.00023707615,0.22434911,0.13922232
330000,0.47369447,1.0,-0.31699464,0.22692621,-0.9627885498026977,245.29268292682926,-0.9628537355399713,0.6122113056480885,0.0011742897,0.09151946,0.000234966,0.23261932,0.13676552
340000,0.5088038,1.0,-0.31978804,0.23886798,-0.7205316811700219,232.02380952380952,-0.7269690646681675,0.5522465847952421,0.0059167054,0.09456004,0.00023285663,0.23141912,0.13502449
350000,0.48446298,1.0,-0.29318863,0.24199134,-0.7395348199589048,229.8139534883721,-0.7333651518537885,0.553405206938762,0.0059158746,0.09512818,0.00023097871,0.22673042,0.12675293
360000,0.34320533,1.0,-0.27367693,0.21097039,-0.7460554871940985,238.28571428571428,-0.7519303026587464,0.3990570401642905,0.006099847,0.1020174,0.0002291031,0.16855095,0.08947222
370000,0.39681268,1.0,-0.3163667,0.16701792,-0.6662300925125324,230.3095238095238,-0.6662302208798272,0.3912672067415856,0.007047417,0.09669542,0.0002269805,0.16217121,0.09246068
380000,0.41940066,1.0,-0.30300045,0.15372576,-0.8295348156189416,240.4418604651163,-0.8254762682176772,0.360015100932547,0.005028299,0.09454221,0.00022487206,0.15039213,0.087035134
390000,0.45929453,1.0,-0.28479922,0.1663566,-0.7486747274254789,240.29268292682926,-0.7487073824173067,0.4806346499883547,0.005218722,0.09687702,0.00022298914,0.1963345,0.103023306
400000,0.33233508,1.0,-0.16029513,0.16267157,-0.5305184563311438,219.75555555555556,-0.5406957145618356,0.30674519055806426,0.007739833,0.099428624,0.00022110641,0.14812618,0.07065274
410000,0.26060912,1.0,-0.10837503,0.12666494,-0.5028332655783743,226.1590909090909,-0.5028333934870634,0.21042146943033335,0.009486729,0.101290844,0.00021901497,0.09249143,0.03718783
420000,0.25143787,1.0,-0.12543735,0.08593229,-0.45649235989284614,220.3181818181818,-0.4564924781972712,0.1746161169668829,0.009158313,0.09802796,0.00021692712,0.08303829,0.03807469
430000,0.30540565,1.0,-0.18575677,0.07080521,-0.5719772057544271,226.45454545454547,-0.5719773315570571,0.2372508701360361,0.007682867,0.10519708,0.00021503033,0.116508655,0.054817796
440000,0.5346447,1.0,-0.18755798,0.08805485,-0.51999218144649,227.04651162790697,-0.5199923002442648,0.3760461116339578,0.0082546575,0.10049969,0.0002131289,0.17721763,0.11667093
450000,0.49981984,1.0,-0.12293132,0.11693015,-0.7403256888871759,234.5,-0.7585737039876539,0.3897310375820759,0.0044470327,0.0985962,0.00021105204,0.1559983,0.11173578
460000,0.44223902,1.0,-0.14822748,0.14477357,-0.46276805659189174,211.82608695652175,-0.4400652731242387,0.3304779974176832,0.00866863,0.09719594,0.00020897001,0.14871216,0.06936212
470000,0.49669895,1.0,-0.18672149,0.15783615,-0.525718454318121,218.62222222222223,-0.5360290453485821,0.321099820992221,0.00831374,0.101481155,0.00020688749,0.1542978,0.066397294
480000,0.54569703,1.0,-0.10376229,0.14407568,-0.13022430395582119,189.6346153846154,-0.1302244124504236,0.24504176726063284,0.011291555,0.099838026,0.00020500083,0.13390535,0.050121177
490000,0.6445724,1.0,-0.12022125,0.14722471,-0.4918793708809275,211.6595744680851,-0.49187948412083565,0.3167312901585977,0.006291176,0.09994032,0.00020311699,0.14694914,0.081497744
500000,0.72377735,1.0,-0.13470432,0.1575993,-0.37456731424429157,208.82978723404256,-0.3745674275337382,0.3403686232607257,0.0075350404,0.10107682,0.00020103347,0.16403507,0.09759006
510000,0.7171513,1.0,-0.05588328,0.13918836,-0.30702608334375364,197.66666666666666,-0.29319338023662567,0.28383088391274214,0.0071477788,0.10054896,0.00019895643,0.15444382,0.07284368
520000,0.64902,1.0,0.022689344,0.12185935,-0.30548360007906367,197.2156862745098,-0.30548370235106526,0.25392344129710076,0.0070310337,0.0980932,0.0001970723,0.1260247,0.04760337
530000,0.6048205,1.0,0.09246361,0.09059038,0.024460660238665614,173.98181818181817,0.006190441016639982,0.1594034369835364,0.007985909,0.1002507,0.0001951688,0.09742298,0.050651558
540000,0.6109785,1.0,0.084809735,0.09245076,-0.19275751922872256,187.38181818181818,-0.20704942886476163,0.19352934368092706,0.0067708986,0.10170062,0.00019309607,0.10778161,0.06436746
550000,0.6676693,1.0,0.084756024,0.09827601,0.016872783166102388,175.8909090909091,0.026910681277513504,0.15296748137500668,0.008126343,0.09698723,0.00019103539,0.09073466,0.07150336
560000,0.66920674,1.0,0.21268463,0.09783573,-0.016253031441010535,182.75925925925927,0.002308144321981466,0.14139631522362525,0.0058468557,0.10333922,0.00018896707,0.081519656,0.08563644
570000,0.6137647,1.0,0.26536155,0.09647494,0.054565531230764464,176.57142857142858,0.03606429800652621,0.1266981294427655,0.0052419496,0.10087254,0.00018689383,0.076853335,0.029401273
580000,0.64111274,1.0,0.29337424,0.098234445,0.09688510993848844,172.27586206896552,0.1160818500476971,0.10369733751244974,0.0056303088,0.100500286,0.0001850107,0.06960011,0.034103453
590000,0.52933246,1.0,0.29284552,0.08367106,0.2011778304974238,164.56666666666666,0.1815300320015579,0.1013741804340274,0.005732299,0.09868389,0.00018313657,0.0686818,0.029474804
600000,0.57350665,1.0,0.28594506,0.094159976,0.14209946936911397,168.80701754385964,0.14209939095011928,0.11272201232056607,0.0035179625,0.106584206,0.0001810258,0.07602097,0.043941088
610000,0.54859537,1.0,0.37036493,0.11644781,0.15907109010445533,163.40983606557376,0.15471664021412532,0.10075206231946747,0.003543377,0.096862406,0.0001789418,0.07152282,0.031930838
620000,0.498228,1.0,0.4198216,0.14212729,0.34067147521169056,145.35714285714286,0.3385761690991265,0.08719646049596902,0.00332637,0.10507617,0.00017685333,0.06321103,0.020822838
630000,0.46805954,1.0,0.48176622,0.1345244,0.44584238211108324,133.6216216216216,0.4457702366886912,0.06317272886470263,0.0030682222,0.09805125,0.00017497686,0.053876523,0.017490886
640000,0.45806015,1.0,0.38992858,0.1311403,0.17205213098350214,150.875,0.1782102108001709,0.09105844761316594,0.004261316,0.09473708,0.00017308346,0.06747392,0.021736521
650000,0.4386077,1.0,0.38711604,0.1287046,0.39000881334313336,131.39473684210526,0.39000872914728363,0.06282816646853462,0.0043088547,0.09363035,0.00017098483,0.05248391,0.018017514
660000,0.37370515,1.0,0.3876919,0.120308496,0.3702700833430443,127.75949367088607,0.36793585159839726,0.06390991353262694,0.0037764467,0.10316525,0.00016889346,0.060275704,0.020291477
670000,0.35411018,1.0,0.42996275,0.123750955,0.4845903999626592,115.74698795180723,0.4853967843311174,0.04497116454322601,0.002817916,0.10562024,0.0001670193,0.04894836,0.016829688
680000,0.37386662,1.0,0.44044772,0.11473905,0.46029808152028745,119.07058823529412,0.4581705927848816,0.03775161948509603,0.002283665,0.101407364,0.00016515111,0.03482907,0.013417175
690000,0.31252185,1.0,0.4569366,0.09113753,0.5776907571869874,102.04123711340206,0.5775394657837976,0.02324834388210294,0.0018581396,0.09536422,0.00016305303,0.027321924,0.008614074
700000,0.2581625,1.0,0.48899904,0.09220414,0.5775784656026528,97.27450980392157,0.5777744609935611,0.028178448679254335,0.0012045252,0.097941734,0.00016097256,0.035322852,0.013902607
710000,0.18410915,1.0,0.49150708,0.10226539,0.565249225985964,95.62135922330097,0.5650549693015016,0.022920492946088892,0.0012934719,0.10170603,0.00015889406,0.029747212,0.010544518
720000,0.14129934,1.0,0.50862676,0.085081816,0.5879096904221192,92.82242990654206,0.5879096127002039,0.021893089619752403,0.00097507203,0.09734263,0.00015702553,0.022477217,0.00854162
730000,0.20840974,1.0,0.4767247,0.059960973,0.5209220217248584,102.77659574468085,0.5217730032002672,0.02853105742325808,0.0033389318,0.10197927,0.00015516423,0.035880223,0.015117303
740000,0.17162775,1.0,0.4395851,0.05144641,0.5490961870259176,97.375,0.5483012288235701,0.01642415948355427,0.002878481,0.09818341,0.00015309472,0.017701268,0.0045468663
750000,0.11926731,1.0,0.5065421,0.054687496,0.6252559856095884,88.28571428571429,0.6252797192760876,0.010653248187736608,0.0006905536,0.09996187,0.00015102238,0.014522063,0.0047495104
760000,0.1259971,1.0,0.4988618,0.07440374,0.624792086616278,88.3211009174312,0.6399510398917242,0.02108330384682898,0.0010899799,0.09621252,0.0001489621,0.039826963,0.015933167
770000,0.15953438,1.0,0.46527404,0.11285567,0.49100669819861653,101.41,0.47437661319971086,0.04227251370437443,0.002346536,0.09952383,0.00014690826,0.048931874,0.025601376
780000,0.07766476,1.0,0.53353035,0.16685021,0.6458377065724167,85.6086956521739,0.6458260323690331,0.017013807086597967,0.0008430843,0.09953483,0.00014484763,0.016308399,0.004292069
790000,0.06816552,1.0,0.541928,0.13607308,0.6612486085317776,83.98305084745763,0.6612485202692323,0.006742791771904518,0.00013391316,0.09511207,0.00014299825,0.008069236,0.0052918396
800000,0.055162672,1.0,0.546209,0.06775249,0.6629435247583788,83.51694915254237,0.662966041241662,0.005126666987977795,0.0002766776,0.09974219,0.00014114524,0.009009196,0.0059297765
810000,0.0722181,1.0,0.54849297,0.06409188,0.6612034208709532,83.83898305084746,0.6612711442729174,0.005669273554457952,0.00022885067,0.095581576,0.0001390867,0.008870386,0.0034026266
820000,0.0700968,1.0,0.54847056,0.063156374,0.6489686903794512,84.80341880341881,0.6489002409144344,0.008818782157559171,0.0003240924,0.09679459,0.00013702486,0.01324827,0.003297624
830000,0.0847713,1.0,0.5545495,0.051371764,0.6125788140491667,89.23636363636363,0.6125666138800707,0.048576168206901374,0.0007269596,0.096959464,0.00013495427,0.050931435,0.013729009
840000,0.08077901,1.0,0.5329447,0.042920977,0.6424985804797515,86.32173913043478,0.6425332979015682,0.01397631673709206,0.00063370774,0.0969383,0.00013287994,0.016534647,0.0042021694
850000,0.09375703,1.0,0.5320974,0.053671133,0.6270297907342736,87.80357142857143,0.6269821114838123,0.011928677648289263,0.00059800345,0.10332681,0.00013083416,0.022661798,0.0056791203
860000,0.05561306,1.0,0.55191034,0.046689354,0.6606158492534216,83.8135593220339,0.6606383934869604,0.01017539303599841,0.00017101677,0.10022805,0.00012899374,0.01439391,0.0041632773
870000,0.053638827,1.0,0.54546565,0.048988257,0.6459971555159427,85.5603448275862,0.6459855822653606,0.00900921828498871,0.00026174224,0.10411837,0.00012710707,0.0063164793,0.002584406
880000,0.07966511,1.0,0.5241892,0.048887312,0.6445391693638395,85.72173913043478,0.6445043260636537,0.015025810905448769,0.00097085553,0.096090734,0.00012502883,0.02874754,0.008125699
890000,0.08961653,1.0,0.51144016,0.062870756,0.6127207564433349,89.01801801801801,0.614042003144015,0.015098624994877624,0.0009382119,0.1050996,0.00012295265,0.02401336,0.0049754814
900000,0.065190524,1.0,0.53054005,0.10065155,0.6611766677715967,83.61538461538461,0.6599344254558922,0.0076530210924549745,0.00070237054,0.09382623,0.000120883735,0.013573339,0.004553831
910000,0.03720827,1.0,0.54317594,0.13384752,0.6629111411282793,83.21666666666667,0.6629110624392828,0.004401303422249233,0.0001684617,0.09196449,0.00011900532,0.0064037936,0.0020920436
920000,0.04108501,1.0,0.5499787,0.10668692,0.6615085009232922,83.62711864406779,0.6615310094114077,0.004989577444976637,0.00026375096,0.0972192,0.00011712672,0.0048774146,0.0016399376
930000,0.06392238,1.0,0.5361353,0.08473267,0.6603333658649254,83.96610169491525,0.6603445875442634,0.01015659711092821,0.00013077706,0.10300584,0.00011506147,0.012100534,0.0042919684
940000,0.07334261,1.0,0.5428529,0.08679184,0.6427163992489672,86.34210526315789,0.6428683666806472,0.015333702502845737,0.0002596783,0.09432743,0.00011296516,0.029356355,0.00926848
950000,0.2629781,1.0,0.3804095,0.09958184,0.18182164068583032,136.46478873239437,0.18826384055945608,0.15711896059413752,0.0025252542,0.09853443,0.00011087164,0.12914817,0.04740155
960000,0.2818695,1.0,0.2336816,0.09765035,0.12293522791070347,141.59722222222223,0.11532858769658585,0.08275674743918886,0.004017851,0.09626552,0.00010899317,0.057870533,0.019950317
970000,0.09410643,1.0,0.4970578,0.0759389,0.6613051114540737,83.77966101694915,0.6613728373737658,0.010727836024331845,0.0016635942,0.1002813,0.00010712447,0.019916905,0.008936664
980000,0.077777274,1.0,0.54211557,0.0827271,0.649387962154739,84.54310344827586,0.6492614653603784,0.010192870961277392,0.00024529654,0.09508569,0.00010504461,0.009970315,0.0040342845
990000,0.06610705,1.0,0.5530491,0.07675762,0.665544472495094,82.65,0.6655777509013812,0.0055474006939524164,8.319398e-05,0.09842847,0.000102965314,0.0069201225,0.0035243426
1000000,0.057464294,1.0,0.54672325,0.067345895,0.6687300552437005,81.77685950413223,0.6686528778273212,0.004592569684417349,0.0001842442,0.10107849,0.00010089947,0.0075662024,0.00352555
1010000,0.053484537,1.0,0.54532033,0.060977757,0.6412051572985787,84.2905982905983,0.6412393040636666,0.012535743521820977,0.00028735254,0.097210005,9.883172e-05,0.019491224,0.008482758
1020000,0.04292671,1.0,0.5565685,0.070562966,0.6700744125068434,81.43801652892562,0.6701074227813847,0.004406456955350658,4.621624e-05,0.09777783,9.697733e-05,0.006900469,0.0026699577
1030000,0.05616641,1.0,0.5496674,0.0980619,0.657219476516669,82.53333333333333,0.6571861026187737,0.01007343506013664,7.6024866e-05,0.103293166,9.512476e-05,0.013139839,0.0057543637
1040000,0.05116147,1.0,0.56211317,0.12606108,0.6415356420653148,84.22222222222223,0.6415925833404573,0.014724595655297112,0.0009205815,0.10075816,9.306683e-05,0.027735373,0.012961114
1050000,0.02423855,1.0,0.5549533,0.13266599,0.6711311749045233,81.0,0.6710546451513885,0.0018155640296515872,4.1595133e-05,0.09798419,9.101285e-05,0.0022901718,0.00032795905
1060000,0.025448613,1.0,0.55319047,0.17348759,0.6712732517816982,81.04918032786885,0.6712404342948414,0.004086200888822099,8.9506546e-05,0.098591074,8.896068e-05,0.009614749,0.0022188914
1070000,0.025873026,1.0,0.5553716,0.18401477,0.6710000274947188,81.1639344262295,0.6710437135618241,0.005851699316064964,7.692666e-05,0.10064815,8.690904e-05,0.00888651,0.0023231185
1080000,0.026518375,1.0,0.5572149,0.15058668,0.673524613484557,80.69672131147541,0.6735026895022783,0.003394672486331833,2.9386743e-05,0.095583625,8.4860236e-05,0.0045240363,0.002627487
1090000,0.010866117,1.0,0.5595271,0.13749148,0.6740027302043224,80.58536585365853,0.6740026512766272,0.0012130100990842452,1.7813336e-05,0.09836345,8.282032e-05,0.0014612149,0.00032387068
1100000,0.009783987,1.0,0.5581852,0.1257588,0.673109310152406,80.79508196721312,0.6731092314251134,0.0016994602168570502,2.9116878e-05,0.09858828,8.097928e-05,0.0022931623,0.0009946768
1110000,0.011748509,1.0,0.5559479,0.11876298,0.6742195325896023,80.52032520325203,0.6742302959527426,0.001910665350288486,1.1142732e-05,0.10133612,7.914492e-05,0.0056194523,0.0016469754
1120000,0.0034078986,1.0,0.5562233,0.113850795,0.6743442821392759,80.49180327868852,0.6743332743644714,0.00036866586909679026,9.276536e-06,0.101887845,7.7107325e-05,0.0007119773,0.00023668064
1130000,0.021256918,1.0,0.55981535,0.099829584,0.6723880015893794,80.95901639344262,0.6724425735043698,0.005351799073725458,9.008915e-05,0.097456895,7.506652e-05,0.0147027075,0.0025514893
1140000,0.029716646,1.0,0.55481887,0.071205005,0.6715683286063007,81.18032786885246,0.6715573287401043,0.004885278655536717,4.5161538e-05,0.09596871,7.300696e-05,0.011013035,0.0030202793
1150000,0.032051083,1.0,0.55510366,0.07211402,0.6684655859635389,81.94214876033058,0.668454521943715,0.004743164981530656,4.6206602e-05,0.09342761,7.093672e-05,0.0076499926,0.0030520794
1160000,0.028971398,1.0,0.55649436,0.07154334,0.6704600768641007,81.45454545454545,0.6704269844638414,0.00884209363336467,0.00014744913,0.10315903,6.888105e-05,0.01886547,0.0043750205
1170000,0.030838706,1.0,0.5572535,0.06450505,0.6710218852309541,81.15573770491804,0.6710655640383236,0.00322919386271082,2.8678483e-05,0.09614195,6.6823806e-05,0.004798035,0.0020368188
1180000,0.03833228,1.0,0.5524453,0.058805246,0.67180877955264,81.05737704918033,0.671852460650147,0.004024187168755309,2.320373e-05,0.09842895,6.4973836e-05,0.0052286163,0.003584871
1190000,0.03905992,1.0,0.54964423,0.07033818,0.6586835139759761,82.36134453781513,0.6586162555618447,0.01062855898439806,0.0002067438,0.08547946,6.311465e-05,0.02090485,0.0056223003
1200000,0.019811582,1.0,0.5550016,0.075794086,0.6761599128869006,80.29268292682927,0.676129033488612,0.00181853347702042,8.895478e-06,0.09642706,6.107193e-05,0.0020389154,0.00023125403
1210000,0.023200465,1.0,0.5519076,0.07482239,0.6493500157860884,82.875,0.6491120375004136,0.013003291601819933,0.00043594395,0.08924027,5.904209e-05,0.03279171,0.008200634
1220000,0.007884184,1.0,0.5531654,0.08589384,0.676441750163591,80.27642276422765,0.6764525703298367,0.003186185688548911,4.8063288e-05,0.09126152,5.7002802e-05,0.0039608288,0.00063413265
1230000,0.006912281,1.0,0.5604662,0.0834995,0.6774065191441072,80.04065040650407,0.6773956587644128,0.0011227857352260925,1.3603222e-05,0.09952961,5.4966484e-05,0.0019346776,0.0005080607
1240000,0.005511345,1.0,0.56099665,0.07456181,0.6773871110541926,80.04838709677419,0.6774301048248045,0.0005492970341302064,3.744734e-06,0.09294238,5.292769e-05,0.0005880247,3.0419837e-05
1250000,0.004892554,1.0,0.56054455,0.074893236,0.6773739979201094,80.0569105691057,0.6773306218589225,0.0005908287887469055,3.0396782e-06,0.09642458,5.089708e-05,0.0013558866,0.00016428369
1260000,0.0022607157,1.0,0.56098294,0.08625437,0.6775474379566021,80.02439024390245,0.6776666641235352,0.00015473549043176681,1.3587078e-06,0.09823592,4.887209e-05,0.00023067344,3.4502664e-06
1270000,0.010662171,1.0,0.5599826,0.1064788,0.6764959509340607,80.2520325203252,0.6763766858635879,0.013280272722216815,3.071152e-05,0.092589095,4.6840883e-05,0.02372737,0.0032814522
1280000,0.004443517,1.0,0.56066996,0.1054063,0.6773548520981304,80.06451612903226,0.6773548347334708,0.0011022599045968345,2.0071564e-06,0.095861316,4.481433e-05,0.0016094449,0.000622054
1290000,0.0031662495,1.0,0.55932295,0.100195095,0.6775582786649466,80.01626016260163,0.6775582621737224,0.0004158689069270149,2.6819785e-06,0.11292063,4.299099e-05,0.0004586608,1.8617955e-05
1300000,0.015734026,1.0,0.554726,0.09479923,0.6489944602556837,82.96666666666667,0.6629527697960536,0.006927387368826506,0.00010883117,0.09741684,4.1158935e-05,0.015069088,0.0029925653
1310000,0.024603412,1.0,0.5564369,0.092527464,0.6749344543843973,80.52459016393442,0.6612486370274278,0.00906588617029035,0.00033609295,0.09344119,3.911453e-05,0.025847027,0.006549286
1320000,0.020926457,1.0,0.5572349,0.1073783,0.6724535968444753,81.00819672131148,0.6724535705613308,0.0018136249650002564,2.043807e-05,0.096181005,3.7071455e-05,0.0029746853,0.0010686477
1330000,0.016905138,1.0,0.5554458,0.1291289,0.6723661693958107,80.99180327868852,0.6723661461814505,0.0007161969198753722,6.983623e-06,0.09729801,3.5021287e-05,0.00115048,0.00014827623
1340000,0.0041425456,1.0,0.55609953,0.14446284,0.6724208140837364,80.98360655737704,0.6724207909380804,0.00027835029203608847,1.4386342e-06,0.10047188,3.2971533e-05,0.00033928893,8.879266e-06
1350000,0.008090121,1.0,0.5559198,0.16068341,0.6714628589655126,81.21487603305785,0.6714628314183764,0.001155610577769054,1.568942e-05,0.096895024,3.0919215e-05,0.0019162854,0.0005668743
1360000,0.004661958,1.0,0.55670184,0.18214479,0.6723224538546361,81.0,0.6723224295944464,0.0002774546403804275,7.1094523e-06,0.097931385,2.8866492e-05,0.0004071056,1.7418459e-05
1370000,0.0049231886,1.0,0.55652004,0.20186672,0.672060158302183,81.06557377049181,0.6720601330037976,0.0005635107126345545,8.65475e-06,0.09631421,2.7019994e-05,0.0017147718,0.00021748945
1380000,0.002042889,1.0,0.55657536,0.21445647,0.6722896669716498,81.00819672131148,0.6722896431313187,0.00018883053053286858,6.963633e-07,0.09466762,2.5174817e-05,0.0008023845,6.190324e-05
1390000,0.0014317661,1.0,0.55630445,0.22647226,0.6723333830013871,81.0,0.6723333597183228,0.00019788555383441785,4.8813677e-06,0.09718646,2.3124696e-05,0.00020643268,4.2497636e-06
1400000,0.0012654098,1.0,0.5559869,0.24001807,0.6723333830013871,81.0,0.6723333597183228,0.0001735175790629716,5.199519e-07,0.10075335,2.1074695e-05,0.00036238093,2.0581661e-05
1410000,0.005639081,1.0,0.55511904,0.2531991,0.6722240932056772,81.02459016393442,0.6722240692279378,0.0003995508661736509,8.9182795e-06,0.085232124,1.9024248e-05,0.0008473153,3.6810397e-05
1420000,0.0106005585,1.0,0.5558355,0.27336413,0.6723333830013871,81.0,0.6723333597183228,0.00012298608718813993,3.0688745e-06,0.09698029,1.6974098e-05,0.00018167,3.0340157e-06
1430000,0.013040423,1.0,0.5557036,0.3045313,0.6723005961184009,81.00819672131148,0.6723005722780697,0.0008065179323149677,8.170426e-06,0.09883856,1.4924059e-05,0.004503442,0.0008652945
1440000,0.012735296,1.0,0.55537754,0.3273211,0.6723770985425618,80.99180327868852,0.6723770753282016,0.002159226480663895,1.4361523e-06,0.09542534,1.2873979e-05,0.0011040524,0.00013504
1450000,0.014926221,1.0,0.5558258,0.33197477,0.6721148034786714,81.05737704918033,0.6721147797146781,0.0039092675537266,8.632311e-06,0.09826742,1.0823419e-05,0.008471373,0.0017237592
1460000,0.018718624,1.0,0.55541945,0.3233331,0.6722787378936029,81.01639344262296,0.6722787139845676,0.000587814244547607,2.9919008e-06,0.094701074,8.977299e-06,0.001970679,0.00036595072
1470000,0.009768661,1.0,0.5559151,0.30633804,0.6723333830013871,81.0,0.6723333597183228,0.0004646151003830486,2.0317136e-06,0.10043379,7.1322997e-06,0.0012796809,0.0009345271
1480000,0.0028495041,1.0,0.55610234,0.295467,0.6723223631077808,81.00826446280992,0.6723223392628441,0.002457400057262795,3.7190807e-06,0.10130799,5.082098e-06,0.005215714,0.0004166246
1490000,0.002362236,1.0,0.5559999,0.28461352,0.6723224538546361,81.0,0.6723224305715717,0.0003414587252515704,6.35316e-07,0.1012465,3.032101e-06,0.0014082242,0.000102970094
1500000,0.0019746092,1.0,0.5559416,0.2728901,0.6723333830013871,81.0,0.6723333597183228,0.00011554362459182662,5.4495183e-07,0.0967112,9.820993e-07,0.00015840968,3.2813386e-06
